,Time,GHI,POA,ambient_temp,module_temp
0,2023-11-07 00:00:00,0.0,0.0,41.305,28.984
1,2023-11-07 00:01:00,0.0,0.0,41.367,28.965
2,2023-11-07 00:02:00,0.0,0.0,41.58,29.005
3,2023-11-07 00:03:00,0.0,0.0,41.712,28.973
4,2023-11-07 00:04:00,0.0,0.0,41.741,29.0
5,2023-11-07 00:05:00,0.0,0.0,41.813,28.954
6,2023-11-07 00:06:00,0.0,0.0,41.85,28.984
7,2023-11-07 00:07:00,0.0,0.0,41.946,28.941
8,2023-11-07 00:08:00,0.0,0.0,41.946,28.941
9,2023-11-07 00:09:00,0.0,0.0,42.073,28.843
10,2023-11-07 00:10:00,0.0,0.0,42.005,28.675
11,2023-11-07 00:11:00,0.0,0.0,42.067,28.662
12,2023-11-07 00:12:00,0.0,0.0,42.086,28.59
13,2023-11-07 00:13:00,0.0,0.0,41.979,28.561
14,2023-11-07 00:14:00,0.0,0.0,41.647,28.413
15,2023-11-07 00:15:00,0.0,0.0,41.596,28.304
16,2023-11-07 00:16:00,0.0,0.0,41.468,28.249
17,2023-11-07 00:17:00,0.0,0.0,41.394,28.137
18,2023-11-07 00:18:00,0.0,0.0,41.257,28.062
19,2023-11-07 00:19:00,0.0,0.0,41.146,27.976
20,2023-11-07 00:20:00,0.0,0.0,41.047,27.934
21,2023-11-07 00:21:00,0.0,0.0,41.02,27.951
22,2023-11-07 00:22:00,0.0,0.0,40.942,27.968
23,2023-11-07 00:23:00,0.0,0.0,40.839,28.166
24,2023-11-07 00:24:00,0.0,0.0,40.736,28.204
25,2023-11-07 00:25:00,0.0,0.0,40.633,28.069
26,2023-11-07 00:26:00,0.0,0.0,40.633,28.069
27,2023-11-07 00:27:00,0.0,0.0,40.609,27.733
28,2023-11-07 00:28:00,0.0,0.0,40.639,27.553
29,2023-11-07 00:29:00,0.0,0.0,40.693,27.437
30,2023-11-07 00:30:00,0.0,0.0,40.785,27.403
31,2023-11-07 00:31:00,0.0,0.0,40.764,27.386
32,2023-11-07 00:32:00,0.0,0.0,40.801,27.468
33,2023-11-07 00:33:00,0.0,0.0,40.822,27.738
34,2023-11-07 00:34:00,0.0,0.0,40.881,27.99
35,2023-11-07 00:35:00,0.0,0.0,40.789,28.161
36,2023-11-07 00:36:00,0.0,0.0,40.897,28.116
37,2023-11-07 00:37:00,0.0,0.0,41.01,28.129
38,2023-11-07 00:38:00,0.0,0.0,41.109,28.188
39,2023-11-07 00:39:00,0.0,0.0,41.14,28.272
40,2023-11-07 00:40:00,0.0,0.0,41.282,28.256
41,2023-11-07 00:41:00,0.0,0.0,41.32,28.234
42,2023-11-07 00:42:00,0.0,0.0,41.331,28.234
43,2023-11-07 00:43:00,0.0,0.0,41.331,28.234
44,2023-11-07 00:44:00,0.0,0.0,41.405,28.133
45,2023-11-07 00:45:00,0.0,0.0,41.463,28.125
46,2023-11-07 00:46:00,0.0,0.0,41.444,28.165
47,2023-11-07 00:47:00,0.0,0.0,41.36,28.238
48,2023-11-07 00:48:00,0.0,0.0,41.249,28.389
49,2023-11-07 00:49:00,0.0,0.0,41.244,28.325
50,2023-11-07 00:50:00,0.0,0.0,41.182,28.153
51,2023-11-07 00:51:00,0.0,0.0,40.943,28.004
52,2023-11-07 00:52:00,0.0,0.0,40.908,27.804
53,2023-11-07 00:53:00,0.0,0.0,40.862,27.687
54,2023-11-07 00:54:00,0.0,0.0,40.818,27.564
55,2023-11-07 00:55:00,0.0,0.0,40.851,27.467
56,2023-11-07 00:56:00,0.0,0.0,40.906,27.443
57,2023-11-07 00:57:00,0.0,0.0,41.032,27.398
58,2023-11-07 00:58:00,0.0,0.0,41.117,27.4
59,2023-11-07 00:59:00,0.0,0.0,41.204,27.433
60,2023-11-07 01:00:00,0.0,0.0,41.308,27.425
61,2023-11-07 01:01:00,0.0,0.0,41.354,27.393
62,2023-11-07 01:02:00,0.0,0.0,41.354,27.393
63,2023-11-07 01:03:00,0.0,0.0,41.134,27.373
64,2023-11-07 01:04:00,0.0,0.0,41.074,27.263
65,2023-11-07 01:05:00,0.0,0.0,40.989,27.197
66,2023-11-07 01:06:00,0.0,0.0,40.977,27.078
67,2023-11-07 01:07:00,0.0,0.0,40.812,26.995
68,2023-11-07 01:08:00,0.0,0.0,40.617,26.982
69,2023-11-07 01:09:00,0.0,0.0,40.525,27.011
70,2023-11-07 01:10:00,0.0,0.0,40.634,26.956
71,2023-11-07 01:11:00,0.0,0.0,40.465,27.022
72,2023-11-07 01:12:00,0.0,0.0,40.504,27.04
73,2023-11-07 01:13:00,0.0,0.0,40.441,27.086
74,2023-11-07 01:14:00,0.0,0.0,40.415,27.044
75,2023-11-07 01:15:00,0.0,0.0,40.337,26.937
76,2023-11-07 01:16:00,0.0,0.0,40.235,26.944
77,2023-11-07 01:17:00,0.0,0.0,40.2,26.987
78,2023-11-07 01:18:00,0.0,0.0,40.169,27.0
79,2023-11-07 01:19:00,0.0,0.0,40.169,27.0
80,2023-11-07 01:20:00,0.0,0.0,40.196,27.374
81,2023-11-07 01:21:00,0.0,0.0,40.255,27.707
82,2023-11-07 01:22:00,0.0,0.0,40.194,27.724
83,2023-11-07 01:23:00,0.0,0.0,40.056,27.585
84,2023-11-07 01:24:00,0.0,0.0,39.999,27.506
85,2023-11-07 01:25:00,0.0,0.0,40.034,27.445
86,2023-11-07 01:26:00,0.0,0.0,40.049,27.356
87,2023-11-07 01:27:00,0.0,0.0,40.12,27.382
88,2023-11-07 01:28:00,0.0,0.0,40.268,27.408
89,2023-11-07 01:29:00,0.0,0.0,40.417,27.42
90,2023-11-07 01:30:00,0.0,0.0,40.532,27.467
91,2023-11-07 01:31:00,0.0,0.0,40.682,27.462
92,2023-11-07 01:32:00,0.0,0.0,40.838,27.559
93,2023-11-07 01:33:00,0.0,0.0,40.993,27.612
94,2023-11-07 01:34:00,0.0,0.0,41.148,27.67
95,2023-11-07 01:35:00,0.0,0.0,41.263,27.756
96,2023-11-07 01:36:00,0.0,0.0,41.227,27.741
97,2023-11-07 01:37:00,0.0,0.0,41.189,27.595
98,2023-11-07 01:38:00,0.0,0.0,41.189,27.495
99,2023-11-07 01:39:00,0.0,0.0,41.189,27.495
100,2023-11-07 01:40:00,0.0,0.0,40.969,27.361
101,2023-11-07 01:41:00,0.0,0.0,40.947,27.343
102,2023-11-07 01:42:00,0.0,0.0,40.934,27.343
103,2023-11-07 01:43:00,0.0,0.0,40.968,27.364
104,2023-11-07 01:44:00,0.0,0.0,40.999,27.437
105,2023-11-07 01:45:00,0.0,0.0,41.049,27.494
106,2023-11-07 01:46:00,0.0,0.0,40.997,27.45
107,2023-11-07 01:47:00,0.0,0.0,41.079,27.423
108,2023-11-07 01:48:00,0.0,0.0,41.128,27.318
109,2023-11-07 01:49:00,0.0,0.0,41.14,27.271
110,2023-11-07 01:50:00,0.0,0.0,41.171,27.216
111,2023-11-07 01:51:00,0.0,0.0,41.103,27.203
112,2023-11-07 01:52:00,0.0,0.0,41.125,27.186
113,2023-11-07 01:53:00,0.0,0.0,41.176,27.277
114,2023-11-07 01:54:00,0.0,0.0,41.189,27.358
115,2023-11-07 01:55:00,0.0,0.0,41.188,27.4
116,2023-11-07 01:56:00,0.0,0.0,41.122,27.411
117,2023-11-07 01:57:00,0.0,0.0,40.959,27.43
118,2023-11-07 01:58:00,0.0,0.0,40.959,27.43
119,2023-11-07 01:59:00,0.0,0.0,40.866,27.137
120,2023-11-07 02:00:00,0.0,0.0,40.701,27.085
121,2023-11-07 02:01:00,0.0,0.0,40.497,26.979
122,2023-11-07 02:02:00,0.0,0.0,40.39,27.013
123,2023-11-07 02:03:00,0.0,0.0,40.286,27.267
124,2023-11-07 02:04:00,0.0,0.0,40.193,27.489
125,2023-11-07 02:05:00,0.0,0.0,40.129,27.576
126,2023-11-07 02:06:00,0.0,0.0,40.046,27.553
127,2023-11-07 02:07:00,0.0,0.0,40.011,27.38
128,2023-11-07 02:08:00,0.0,0.0,39.851,27.19
129,2023-11-07 02:09:00,0.0,0.0,39.816,27.03
130,2023-11-07 02:10:00,0.0,0.0,39.811,26.968
131,2023-11-07 02:11:00,0.0,0.0,39.737,26.865
132,2023-11-07 02:12:00,0.0,0.0,39.742,26.805
133,2023-11-07 02:13:00,0.0,0.0,39.726,26.752
134,2023-11-07 02:14:00,0.0,0.0,39.674,26.745
135,2023-11-07 02:15:00,0.0,0.0,39.674,26.745
136,2023-11-07 02:16:00,0.0,0.0,39.651,26.803
137,2023-11-07 02:17:00,0.0,0.0,39.673,26.91
138,2023-11-07 02:18:00,0.0,0.0,39.742,26.966
139,2023-11-07 02:19:00,0.0,0.0,39.876,27.071
140,2023-11-07 02:20:00,0.0,0.0,40.04,27.141
141,2023-11-07 02:21:00,0.0,0.0,40.098,27.027
142,2023-11-07 02:22:00,0.0,0.0,40.123,26.859
143,2023-11-07 02:23:00,0.0,0.0,40.047,26.876
144,2023-11-07 02:24:00,0.0,0.0,40.017,26.804
145,2023-11-07 02:25:00,0.0,0.0,39.896,26.759
146,2023-11-07 02:26:00,0.0,0.0,39.867,26.711
147,2023-11-07 02:27:00,0.0,0.0,39.84,26.771
148,2023-11-07 02:28:00,0.0,0.0,40.012,26.793
149,2023-11-07 02:29:00,0.0,0.0,40.016,26.769
150,2023-11-07 02:30:00,0.0,0.0,40.014,26.695
151,2023-11-07 02:31:00,0.0,0.0,39.909,26.677
152,2023-11-07 02:32:00,0.0,0.0,39.909,26.677
153,2023-11-07 02:33:00,0.0,0.0,39.736,26.47
154,2023-11-07 02:34:00,0.0,0.0,39.684,26.465
155,2023-11-07 02:35:00,0.0,0.0,39.596,26.427
156,2023-11-07 02:36:00,0.0,0.0,39.506,26.328
157,2023-11-07 02:37:00,0.0,0.0,39.526,26.305
158,2023-11-07 02:38:00,0.0,0.0,39.489,26.186
159,2023-11-07 02:39:00,0.0,0.0,39.476,26.165
160,2023-11-07 02:40:00,0.0,0.0,39.429,26.091
161,2023-11-07 02:41:00,0.0,0.0,39.407,25.97
162,2023-11-07 02:42:00,0.0,0.0,39.565,26.018
163,2023-11-07 02:43:00,0.0,0.0,39.644,25.98
164,2023-11-07 02:44:00,0.0,0.0,39.691,25.917
165,2023-11-07 02:45:00,0.0,0.0,39.663,25.883
166,2023-11-07 02:46:00,0.0,0.0,39.573,25.987
167,2023-11-07 02:47:00,0.0,0.0,39.436,26.083
168,2023-11-07 02:48:00,0.0,0.0,39.313,26.03
169,2023-11-07 02:49:00,0.0,0.0,39.313,26.03
170,2023-11-07 02:50:00,0.0,0.0,39.236,26.034
171,2023-11-07 02:51:00,0.0,0.0,39.266,26.203
172,2023-11-07 02:52:00,0.0,0.0,39.247,26.429
173,2023-11-07 02:53:00,0.0,0.0,39.179,26.553
174,2023-11-07 02:54:00,0.0,0.0,39.105,26.417
175,2023-11-07 02:55:00,0.0,0.0,39.078,26.187
176,2023-11-07 02:56:00,0.0,0.0,38.989,26.046
177,2023-11-07 02:57:00,0.0,0.0,38.95,25.985
178,2023-11-07 02:58:00,0.0,0.0,38.973,25.86
179,2023-11-07 02:59:00,0.0,0.0,38.904,25.855
180,2023-11-07 03:00:00,0.0,0.0,38.921,25.785
181,2023-11-07 03:01:00,0.0,0.0,38.921,25.785
182,2023-11-07 03:02:00,0.0,0.0,38.872,25.704
183,2023-11-07 03:03:00,0.0,0.0,38.878,25.652
184,2023-11-07 03:04:00,0.0,0.0,38.825,25.609
185,2023-11-07 03:05:00,0.0,0.0,38.917,25.535
186,2023-11-07 03:06:00,0.0,0.0,38.872,25.523
187,2023-11-07 03:07:00,0.0,0.0,38.82,25.668
188,2023-11-07 03:08:00,0.0,0.0,38.759,25.495
189,2023-11-07 03:09:00,0.0,0.0,38.681,25.391
190,2023-11-07 03:10:00,0.0,0.0,38.687,25.319
191,2023-11-07 03:11:00,0.0,0.0,38.528,25.231
192,2023-11-07 03:12:00,0.0,0.0,38.456,25.188
193,2023-11-07 03:13:00,0.0,0.0,38.493,25.166
194,2023-11-07 03:14:00,0.0,0.0,38.62,25.305
195,2023-11-07 03:15:00,0.0,0.0,38.702,25.476
196,2023-11-07 03:16:00,0.0,0.0,38.788,25.658
197,2023-11-07 03:17:00,0.0,0.0,38.954,25.87
198,2023-11-07 03:18:00,0.0,0.0,38.954,25.87
199,2023-11-07 03:19:00,0.0,0.0,39.176,25.968
200,2023-11-07 03:20:00,0.0,0.0,39.309,26.006
201,2023-11-07 03:21:00,0.0,0.0,39.431,25.983
202,2023-11-07 03:22:00,0.0,0.0,39.553,25.919
203,2023-11-07 03:23:00,0.0,0.0,39.594,25.855
204,2023-11-07 03:24:00,0.0,0.0,39.629,25.804
205,2023-11-07 03:25:00,0.0,0.0,39.739,25.789
206,2023-11-07 03:26:00,0.0,0.0,39.719,25.752
207,2023-11-07 03:27:00,0.0,0.0,39.758,25.826
208,2023-11-07 03:28:00,0.0,0.0,39.81,25.9
209,2023-11-07 03:29:00,0.0,0.0,39.861,26.01
210,2023-11-07 03:30:00,0.0,0.0,39.916,26.045
211,2023-11-07 03:31:00,0.0,0.0,40.039,26.157
212,2023-11-07 03:32:00,0.0,0.0,40.091,26.19
213,2023-11-07 03:33:00,0.0,0.0,40.123,26.198
214,2023-11-07 03:34:00,0.0,0.0,40.145,26.212
215,2023-11-07 03:35:00,0.0,0.0,40.145,26.212
216,2023-11-07 03:36:00,0.0,0.0,40.145,26.148
217,2023-11-07 03:37:00,0.0,0.0,40.125,26.072
218,2023-11-07 03:38:00,0.0,0.0,40.091,25.997
219,2023-11-07 03:39:00,0.0,0.0,40.09,25.955
220,2023-11-07 03:40:00,0.0,0.0,40.09,25.922
221,2023-11-07 03:41:00,0.0,0.0,40.07,25.954
222,2023-11-07 03:42:00,0.0,0.0,39.982,25.894
223,2023-11-07 03:43:00,0.0,0.0,39.913,25.808
224,2023-11-07 03:44:00,0.0,0.0,39.781,25.765
225,2023-11-07 03:45:00,0.0,0.0,39.706,25.702
226,2023-11-07 03:46:00,0.0,0.0,39.577,25.589
227,2023-11-07 03:47:00,0.0,0.0,39.497,25.51
228,2023-11-07 03:48:00,0.0,0.0,39.376,25.471
229,2023-11-07 03:49:00,0.0,0.0,39.355,25.565
230,2023-11-07 03:50:00,0.0,0.0,39.314,25.744
231,2023-11-07 03:51:00,0.0,0.0,39.314,25.744
232,2023-11-07 03:52:00,0.0,0.0,38.999,25.693
233,2023-11-07 03:53:00,0.0,0.0,39.0,25.835
234,2023-11-07 03:54:00,0.0,0.0,39.082,25.935
235,2023-11-07 03:55:00,0.0,0.0,39.154,25.862
236,2023-11-07 03:56:00,0.0,0.0,39.364,26.013
237,2023-11-07 03:57:00,0.0,0.0,39.236,26.044
238,2023-11-07 03:58:00,0.0,0.0,39.262,25.992
239,2023-11-07 03:59:00,0.0,0.0,39.253,26.168
240,2023-11-07 04:00:00,0.0,0.0,39.173,26.115
241,2023-11-07 04:01:00,0.0,0.0,39.156,26.027
242,2023-11-07 04:02:00,0.0,0.0,39.154,26.032
243,2023-11-07 04:03:00,0.0,0.0,39.121,26.043
244,2023-11-07 04:04:00,0.0,0.0,39.211,26.108
245,2023-11-07 04:05:00,0.0,0.0,39.198,26.057
246,2023-11-07 04:06:00,0.0,0.0,39.157,25.929
247,2023-11-07 04:07:00,0.0,0.0,39.157,25.929
248,2023-11-07 04:08:00,0.0,0.0,39.37,25.865
249,2023-11-07 04:09:00,0.0,0.0,39.343,25.807
250,2023-11-07 04:10:00,0.0,0.0,39.194,25.677
251,2023-11-07 04:11:00,0.0,0.0,39.125,25.676
252,2023-11-07 04:12:00,0.0,0.0,39.078,25.64
253,2023-11-07 04:13:00,0.0,0.0,39.116,25.647
254,2023-11-07 04:14:00,0.0,0.0,38.995,25.582
255,2023-11-07 04:15:00,0.0,0.0,38.92,25.484
256,2023-11-07 04:16:00,0.0,0.0,38.794,25.376
257,2023-11-07 04:17:00,0.0,0.0,38.768,25.383
258,2023-11-07 04:18:00,0.0,0.0,38.734,25.394
259,2023-11-07 04:19:00,0.0,0.0,38.796,25.467
260,2023-11-07 04:20:00,0.0,0.0,38.75,25.491
261,2023-11-07 04:21:00,0.0,0.0,38.753,25.469
262,2023-11-07 04:22:00,0.0,0.0,38.772,25.437
263,2023-11-07 04:23:00,0.0,0.0,38.742,25.461
264,2023-11-07 04:24:00,0.0,0.0,38.742,25.461
265,2023-11-07 04:25:00,0.0,0.0,38.616,25.38
266,2023-11-07 04:26:00,0.0,0.0,38.573,25.359
267,2023-11-07 04:27:00,0.0,0.0,38.624,25.454
268,2023-11-07 04:28:00,0.0,0.0,38.661,25.514
269,2023-11-07 04:29:00,0.0,0.0,38.649,25.501
270,2023-11-07 04:30:00,0.0,0.0,38.61,25.517
271,2023-11-07 04:31:00,0.0,0.0,38.637,25.482
272,2023-11-07 04:32:00,0.0,0.0,38.749,25.429
273,2023-11-07 04:33:00,0.0,0.0,38.73,25.419
274,2023-11-07 04:34:00,0.0,0.0,38.764,25.388
275,2023-11-07 04:35:00,0.0,0.0,38.765,25.327
276,2023-11-07 04:36:00,0.0,0.0,38.687,25.241
277,2023-11-07 04:37:00,0.0,0.0,38.661,25.216
278,2023-11-07 04:38:00,0.0,0.0,38.625,25.168
279,2023-11-07 04:39:00,0.0,0.0,38.607,25.041
280,2023-11-07 04:40:00,0.0,0.0,38.575,25.038
281,2023-11-07 04:41:00,0.0,0.0,38.552,25.154
282,2023-11-07 04:42:00,0.0,0.0,38.552,25.154
283,2023-11-07 04:43:00,0.0,0.0,38.45,25.409
284,2023-11-07 04:44:00,0.0,0.0,38.409,25.551
285,2023-11-07 04:45:00,0.0,0.0,38.386,25.594
286,2023-11-07 04:46:00,0.0,0.0,38.297,25.565
287,2023-11-07 04:47:00,0.0,0.0,38.317,25.47
288,2023-11-07 04:48:00,0.0,0.0,38.28,25.423
289,2023-11-07 04:49:00,0.0,0.0,38.287,25.504
290,2023-11-07 04:50:00,0.0,0.0,38.327,25.479
291,2023-11-07 04:51:00,0.0,0.0,38.351,25.566
292,2023-11-07 04:52:00,0.0,0.0,38.472,25.702
293,2023-11-07 04:53:00,0.0,0.0,38.501,25.696
294,2023-11-07 04:54:00,0.0,0.0,38.539,25.613
295,2023-11-07 04:55:00,0.0,0.0,38.539,25.613
296,2023-11-07 04:56:00,0.0,0.0,38.539,25.613
297,2023-11-07 04:57:00,0.0,0.0,38.499,25.434
298,2023-11-07 04:58:00,0.0,0.0,38.515,25.477
299,2023-11-07 04:59:00,0.0,0.0,38.603,25.589
300,2023-11-07 05:00:00,0.0,0.0,38.67,25.65
301,2023-11-07 05:01:00,0.0,0.0,38.801,25.637
302,2023-11-07 05:02:00,0.0,0.0,38.872,25.657
303,2023-11-07 05:03:00,0.0,0.0,38.929,25.69
304,2023-11-07 05:04:00,0.0,0.0,39.09,25.746
305,2023-11-07 05:05:00,0.0,0.0,39.227,25.809
306,2023-11-07 05:06:00,0.0,0.0,39.33,25.815
307,2023-11-07 05:07:00,0.0,0.0,39.33,25.815
308,2023-11-07 05:08:00,0.0,0.0,39.457,25.937
309,2023-11-07 05:09:00,0.0,0.0,39.532,25.923
310,2023-11-07 05:10:00,0.0,0.0,39.575,25.903
311,2023-11-07 05:11:00,0.0,0.0,39.524,25.87
312,2023-11-07 05:12:00,0.0,0.0,39.488,25.766
313,2023-11-07 05:13:00,0.0,0.0,39.46,25.661
314,2023-11-07 05:14:00,0.0,0.0,39.361,25.604
315,2023-11-07 05:15:00,0.0,0.0,39.293,25.492
316,2023-11-07 05:16:00,0.0,0.0,39.343,25.426
317,2023-11-07 05:17:00,0.0,0.0,39.228,25.383
318,2023-11-07 05:18:00,0.0,0.0,39.161,25.3
319,2023-11-07 05:19:00,0.0,0.0,39.097,25.257
320,2023-11-07 05:20:00,0.0,0.0,38.893,25.224
321,2023-11-07 05:21:00,0.0,0.0,38.826,25.195
322,2023-11-07 05:22:00,0.0,0.0,38.79,25.23
323,2023-11-07 05:23:00,0.0,0.0,38.772,25.294
324,2023-11-07 05:24:00,0.0,0.0,38.772,25.34
325,2023-11-07 05:25:00,0.0,0.0,38.772,25.34
326,2023-11-07 05:26:00,0.0,0.0,38.688,25.272
327,2023-11-07 05:27:00,0.0,0.0,38.785,25.26
328,2023-11-07 05:28:00,0.0,0.0,38.86,25.32
329,2023-11-07 05:29:00,0.0,0.0,38.846,25.32
330,2023-11-07 05:30:00,0.0,0.0,38.896,25.34
331,2023-11-07 05:31:00,0.0,0.0,38.935,25.403
332,2023-11-07 05:32:00,0.0,0.0,38.937,25.461
333,2023-11-07 05:33:00,0.0,0.0,38.965,25.507
334,2023-11-07 05:34:00,0.0,0.0,39.078,25.59
335,2023-11-07 05:35:00,0.0,0.0,39.053,25.612
336,2023-11-07 05:36:00,0.0,0.0,39.052,25.547
337,2023-11-07 05:37:00,0.0,0.0,39.088,25.585
338,2023-11-07 05:38:00,0.0,0.0,39.061,25.626
339,2023-11-07 05:39:00,0.0,0.0,39.093,25.687
340,2023-11-07 05:40:00,0.0,0.0,39.182,25.823
341,2023-11-07 05:41:00,0.0,0.0,39.251,25.916
342,2023-11-07 05:42:00,0.0,0.0,39.335,25.937
343,2023-11-07 05:43:00,0.0,0.0,39.312,25.897
344,2023-11-07 05:44:00,0.0,0.0,39.326,25.832
345,2023-11-07 05:45:00,0.0,0.0,39.326,25.832
346,2023-11-07 05:46:00,0.0,0.0,39.353,25.766
347,2023-11-07 05:47:00,0.0,0.0,39.342,25.741
348,2023-11-07 05:48:00,0.0,0.0,39.393,25.688
349,2023-11-07 05:49:00,0.0,0.0,39.401,25.655
350,2023-11-07 05:50:00,0.0,0.0,39.314,25.608
351,2023-11-07 05:51:00,0.0,0.0,39.25,25.514
352,2023-11-07 05:52:00,0.0,0.0,39.15,25.438
353,2023-11-07 05:53:00,0.0,0.0,39.038,25.445
354,2023-11-07 05:54:00,0.0,0.0,38.91,25.421
355,2023-11-07 05:55:00,0.0,0.0,38.912,25.574
356,2023-11-07 05:56:00,0.0,0.0,38.765,25.487
357,2023-11-07 05:57:00,0.0,0.0,38.714,25.33
358,2023-11-07 05:58:00,0.0,0.0,38.639,25.261
359,2023-11-07 05:59:00,0.0,0.0,38.536,25.208
360,2023-11-07 06:00:00,0.0,0.0,38.53,25.204
361,2023-11-07 06:01:00,0.0,0.0,38.53,25.204
362,2023-11-07 06:02:00,0.0,0.0,38.604,25.302
363,2023-11-07 06:03:00,0.0,0.0,38.685,25.334
364,2023-11-07 06:04:00,0.0,0.0,38.737,25.304
365,2023-11-07 06:05:00,0.0,0.0,38.771,25.23
366,2023-11-07 06:06:00,0.0,0.0,38.786,25.312
367,2023-11-07 06:07:00,0.0,0.0,38.812,25.465
368,2023-11-07 06:08:00,0.0,0.0,38.776,25.465
369,2023-11-07 06:09:00,0.0,0.0,38.789,25.6
370,2023-11-07 06:10:00,0.0,0.0,38.856,25.542
371,2023-11-07 06:11:00,0.0,0.0,38.793,25.384
372,2023-11-07 06:12:00,0.0,0.0,38.83,25.36
373,2023-11-07 06:13:00,0.0,0.0,38.962,25.411
374,2023-11-07 06:14:00,0.0,0.0,39.031,25.448
375,2023-11-07 06:15:00,0.0,0.0,39.006,25.43
376,2023-11-07 06:16:00,0.0,0.0,38.956,25.354
377,2023-11-07 06:17:00,0.0,0.0,39.006,25.341
378,2023-11-07 06:18:00,0.0,0.0,39.047,25.275
379,2023-11-07 06:19:00,0.0,0.0,39.047,25.275
380,2023-11-07 06:20:00,0.0,0.0,38.911,25.183
381,2023-11-07 06:21:00,0.0,0.0,38.928,25.212
382,2023-11-07 06:22:00,0.0,0.0,39.011,25.2
383,2023-11-07 06:23:00,0.0,0.0,38.992,25.128
384,2023-11-07 06:24:00,0.0,0.0,38.917,25.129
385,2023-11-07 06:25:00,0.0,0.0,38.974,25.075
386,2023-11-07 06:26:00,0.0,0.0,38.94,25.041
387,2023-11-07 06:27:00,0.0,0.0,38.937,25.014
388,2023-11-07 06:28:00,0.0,0.0,38.929,25.017
389,2023-11-07 06:29:00,0.0,0.0,38.895,25.062
390,2023-11-07 06:30:00,0.0,0.0,38.929,25.192
391,2023-11-07 06:31:00,0.0,0.0,38.929,25.217
392,2023-11-07 06:32:00,0.0,0.0,38.856,25.217
393,2023-11-07 06:33:00,0.0,0.0,38.911,25.22
394,2023-11-07 06:34:00,0.011,0.011,38.978,25.266
395,2023-11-07 06:35:00,0.395,0.397,39.098,25.308
396,2023-11-07 06:36:00,0.784,0.963,39.124,25.3
397,2023-11-07 06:37:00,0.907,1.21,39.131,25.323
398,2023-11-07 06:38:00,0.907,1.21,39.131,25.323
399,2023-11-07 06:39:00,0.907,1.165,39.102,25.379
400,2023-11-07 06:40:00,1.334,1.721,39.082,25.273
401,2023-11-07 06:41:00,2.276,2.469,38.998,25.206
402,2023-11-07 06:42:00,2.855,3.363,38.873,25.189
403,2023-11-07 06:43:00,3.424,3.742,38.853,25.032
404,2023-11-07 06:44:00,4.0,4.247,38.899,25.044
405,2023-11-07 06:45:00,4.53,4.603,38.787,25.041
406,2023-11-07 06:46:00,4.883,5.152,38.772,25.029
407,2023-11-07 06:47:00,5.425,5.727,38.789,25.111
408,2023-11-07 06:48:00,5.994,6.296,38.901,25.198
409,2023-11-07 06:49:00,6.551,6.871,38.852,25.204
410,2023-11-07 06:50:00,6.925,7.434,38.878,25.367
411,2023-11-07 06:51:00,7.631,7.813,39.038,25.422
412,2023-11-07 06:52:00,8.287,8.7,39.027,25.4
413,2023-11-07 06:53:00,8.858,9.463,39.027,25.389
414,2023-11-07 06:54:00,9.425,10.03,39.11,25.428
415,2023-11-07 06:55:00,9.425,10.03,39.11,25.428
416,2023-11-07 06:56:00,10.871,11.76,39.208,25.49
417,2023-11-07 06:57:00,11.693,13.655,39.266,25.54
418,2023-11-07 06:58:00,12.726,17.399,39.347,25.585
419,2023-11-07 06:59:00,13.674,22.583,39.483,25.638
420,2023-11-07 07:00:00,14.724,27.169,39.501,25.707
421,2023-11-07 07:01:00,16.864,29.887,39.587,25.887
422,2023-11-07 07:02:00,24.199,32.751,39.726,26.144
423,2023-11-07 07:03:00,36.097,35.665,39.694,26.398
424,2023-11-07 07:04:00,46.111,38.748,39.845,26.626
425,2023-11-07 07:05:00,51.258,41.986,39.887,26.868
426,2023-11-07 07:06:00,55.357,44.96,40.069,27.071
427,2023-11-07 07:07:00,59.426,48.092,40.392,27.246
428,2023-11-07 07:08:00,64.046,51.644,40.601,27.48
429,2023-11-07 07:09:00,68.659,55.126,40.828,27.737
430,2023-11-07 07:10:00,72.825,58.343,41.052,28.015
431,2023-11-07 07:11:00,76.627,61.294,41.258,28.266
432,2023-11-07 07:12:00,76.627,61.294,41.258,28.266
433,2023-11-07 07:13:00,84.529,67.013,41.778,28.742
434,2023-11-07 07:14:00,87.91,69.948,42.042,28.923
435,2023-11-07 07:15:00,91.498,72.952,42.248,29.099
436,2023-11-07 07:16:00,95.61,76.012,42.489,29.204
437,2023-11-07 07:17:00,99.925,79.301,42.8,29.425
438,2023-11-07 07:18:00,103.507,81.799,43.102,29.598
439,2023-11-07 07:19:00,105.8,83.731,43.398,29.884
440,2023-11-07 07:20:00,110.541,87.373,43.743,30.156
441,2023-11-07 07:21:00,112.094,88.6,43.879,30.348
442,2023-11-07 07:22:00,117.149,92.361,44.229,30.606
443,2023-11-07 07:23:00,122.237,95.924,44.485,30.773
444,2023-11-07 07:24:00,124.074,97.471,44.894,31.053
445,2023-11-07 07:25:00,124.509,98.06,45.243,31.271
446,2023-11-07 07:26:00,127.727,100.339,45.585,31.372
447,2023-11-07 07:27:00,127.565,99.994,45.773,31.526
448,2023-11-07 07:28:00,118.257,93.407,46.115,31.615
449,2023-11-07 07:29:00,108.94,87.048,46.426,31.648
450,2023-11-07 07:30:00,108.94,87.048,46.426,31.648
451,2023-11-07 07:31:00,133.023,104.305,46.756,32.09
452,2023-11-07 07:32:00,135.169,106.007,47.013,32.464
453,2023-11-07 07:33:00,139.497,109.519,47.329,32.622
454,2023-11-07 07:34:00,147.666,115.545,47.756,32.781
455,2023-11-07 07:35:00,146.816,114.425,48.177,33.023
456,2023-11-07 07:36:00,122.275,96.846,48.493,33.143
457,2023-11-07 07:37:00,105.663,84.89,48.766,33.224
458,2023-11-07 07:38:00,127.641,101.384,48.901,33.432
459,2023-11-07 07:39:00,150.467,118.127,49.099,33.995
460,2023-11-07 07:40:00,144.504,113.883,49.281,34.222
461,2023-11-07 07:41:00,167.398,130.441,49.309,34.391
462,2023-11-07 07:42:00,175.971,136.948,49.701,34.644
463,2023-11-07 07:43:00,155.543,122.44,50.063,34.758
464,2023-11-07 07:44:00,170.982,133.505,50.445,34.671
465,2023-11-07 07:45:00,191.637,146.672,50.857,34.866
466,2023-11-07 07:46:00,196.245,148.753,51.269,35.194
467,2023-11-07 07:47:00,196.245,148.753,51.269,35.194
468,2023-11-07 07:48:00,190.722,144.895,52.179,35.736
469,2023-11-07 07:49:00,181.277,138.521,52.56,35.827
470,2023-11-07 07:50:00,181.011,138.722,52.883,36.092
471,2023-11-07 07:51:00,200.137,152.622,53.09,36.606
472,2023-11-07 07:52:00,210.104,159.857,53.357,37.097
473,2023-11-07 07:53:00,219.075,166.474,53.599,37.517
474,2023-11-07 07:54:00,222.954,169.76,54.094,37.98
475,2023-11-07 07:55:00,224.08,170.719,54.595,38.676
476,2023-11-07 07:56:00,227.865,173.622,55.046,39.078
477,2023-11-07 07:57:00,233.606,177.585,55.658,39.71
478,2023-11-07 07:58:00,240.041,182.531,56.126,39.552
479,2023-11-07 07:59:00,243.826,185.318,56.662,39.691
480,2023-11-07 08:00:00,247.299,187.746,57.194,40.052
481,2023-11-07 08:01:00,250.79,190.683,57.743,40.416
482,2023-11-07 08:02:00,254.218,193.277,58.216,40.796
483,2023-11-07 08:03:00,256.464,195.056,58.753,41.355
484,2023-11-07 08:04:00,256.464,195.056,58.753,41.355
485,2023-11-07 08:05:00,264.892,201.274,59.79,41.509
486,2023-11-07 08:06:00,268.487,204.012,60.228,42.215
487,2023-11-07 08:07:00,272.028,206.694,60.702,42.512
488,2023-11-07 08:08:00,275.712,209.527,61.008,42.679
489,2023-11-07 08:09:00,279.192,212.226,61.491,43.05
490,2023-11-07 08:10:00,282.537,214.797,61.957,43.287
491,2023-11-07 08:11:00,287.004,218.045,62.585,43.183
492,2023-11-07 08:12:00,290.701,220.967,63.261,43.318
493,2023-11-07 08:13:00,294.82,223.843,63.742,43.58
494,2023-11-07 08:14:00,298.418,226.711,64.351,43.586
495,2023-11-07 08:15:00,302.521,229.788,64.776,43.513
496,2023-11-07 08:16:00,306.598,232.918,65.306,43.551
497,2023-11-07 08:17:00,310.649,235.664,65.837,43.351
498,2023-11-07 08:18:00,315.034,238.637,66.278,43.597
499,2023-11-07 08:19:00,318.999,241.566,66.656,44.186
500,2023-11-07 08:20:00,323.084,244.61,67.086,43.936
501,2023-11-07 08:21:00,327.695,247.75,67.612,44.096
502,2023-11-07 08:22:00,327.695,247.75,67.612,44.096
503,2023-11-07 08:23:00,336.349,253.733,68.394,45.877
504,2023-11-07 08:24:00,340.43,256.508,68.79,47.633
505,2023-11-07 08:25:00,344.966,259.623,69.37,48.662
506,2023-11-07 08:26:00,349.498,262.743,69.629,50.439
507,2023-11-07 08:27:00,353.01,265.796,69.984,53.166
508,2023-11-07 08:28:00,357.261,268.484,70.374,58.511
509,2023-11-07 08:29:00,360.833,270.618,70.831,65.293
510,2023-11-07 08:30:00,364.779,273.179,71.074,54.637
511,2023-11-07 08:31:00,369.02,276.174,71.347,49.517
512,2023-11-07 08:32:00,373.457,278.84,71.822,49.099
513,2023-11-07 08:33:00,377.346,281.593,72.367,50.899
514,2023-11-07 08:34:00,381.414,283.994,72.748,53.665
515,2023-11-07 08:35:00,384.454,285.844,73.232,54.185
516,2023-11-07 08:36:00,385.017,286.1,73.601,55.856
517,2023-11-07 08:37:00,385.108,286.026,73.769,59.869
518,2023-11-07 08:38:00,385.108,286.026,73.769,59.869
519,2023-11-07 08:39:00,381.355,282.567,74.379,68.335
520,2023-11-07 08:40:00,382.419,282.819,74.547,80.895
521,2023-11-07 08:41:00,353.783,262.561,74.752,101.503
522,2023-11-07 08:42:00,282.573,212.377,74.87,119.11
523,2023-11-07 08:43:00,366.774,270.833,74.71,120.166
524,2023-11-07 08:44:00,386.824,284.937,74.5,120.166
525,2023-11-07 08:45:00,399.974,293.933,74.507,120.166
526,2023-11-07 08:46:00,376.612,277.237,74.693,114.1
527,2023-11-07 08:47:00,354.453,261.319,74.891,78.117
528,2023-11-07 08:48:00,338.586,249.85,75.018,109.196
529,2023-11-07 08:49:00,358.085,263.094,75.204,119.861
530,2023-11-07 08:50:00,410.587,299.841,75.449,114.581
531,2023-11-07 08:51:00,431.414,314.162,75.745,117.426
532,2023-11-07 08:52:00,430.219,313.104,76.19,120.166
533,2023-11-07 08:53:00,428.261,311.327,76.647,120.166
534,2023-11-07 08:54:00,428.261,311.327,76.647,120.166
535,2023-11-07 08:55:00,426.723,309.085,77.316,120.166
536,2023-11-07 08:56:00,419.788,303.722,77.671,120.166
537,2023-11-07 08:57:00,415.781,301.138,78.047,120.166
538,2023-11-07 08:58:00,430.353,311.498,78.362,120.166
539,2023-11-07 08:59:00,442.521,319.444,78.761,120.166
540,2023-11-07 09:00:00,453.137,326.905,79.202,113.233
541,2023-11-07 09:01:00,464.703,334.243,79.204,93.853
542,2023-11-07 09:02:00,472.384,339.804,79.513,106.6
543,2023-11-07 09:03:00,475.336,342.324,80.179,118.511
544,2023-11-07 09:04:00,478.48,344.014,80.792,120.166
545,2023-11-07 09:05:00,482.31,346.605,81.205,120.166
546,2023-11-07 09:06:00,485.58,348.753,81.675,120.166
547,2023-11-07 09:07:00,488.561,350.763,82.453,120.166
548,2023-11-07 09:08:00,491.825,352.478,83.037,119.666
549,2023-11-07 09:09:00,484.088,346.984,83.647,107.224
550,2023-11-07 09:10:00,493.612,352.958,84.29,112.805
551,2023-11-07 09:11:00,502.852,358.987,85.014,112.109
552,2023-11-07 09:12:00,502.852,358.987,85.014,112.109
553,2023-11-07 09:13:00,504.698,359.537,86.755,87.86
554,2023-11-07 09:14:00,508.76,362.722,87.648,92.574
555,2023-11-07 09:15:00,511.043,364.549,88.544,94.165
556,2023-11-07 09:16:00,511.127,364.744,89.27,79.208
557,2023-11-07 09:17:00,506.449,361.631,89.883,90.562
558,2023-11-07 09:18:00,498.982,356.768,90.189,80.323
559,2023-11-07 09:19:00,499.228,357.452,90.521,75.373
560,2023-11-07 09:20:00,507.382,363.307,90.79,79.971
561,2023-11-07 09:21:00,515.793,369.032,91.322,79.656
562,2023-11-07 09:22:00,519.348,371.731,91.928,83.233
563,2023-11-07 09:23:00,495.488,354.817,92.758,92.595
564,2023-11-07 09:24:00,441.516,317.604,93.192,96.174
565,2023-11-07 09:25:00,466.9,336.167,93.345,81.858
566,2023-11-07 09:26:00,525.486,377.702,93.42,76.61
567,2023-11-07 09:27:00,548.535,393.859,93.873,76.509
568,2023-11-07 09:28:00,532.922,383.187,94.297,73.138
569,2023-11-07 09:29:00,532.922,383.187,94.297,73.138
570,2023-11-07 09:30:00,514.717,371.6,94.425,69.702
571,2023-11-07 09:31:00,554.606,399.295,94.697,74.433
572,2023-11-07 09:32:00,556.066,400.189,95.463,76.207
573,2023-11-07 09:33:00,555.617,399.703,96.104,77.903
574,2023-11-07 09:34:00,554.15,398.78,96.636,80.118
575,2023-11-07 09:35:00,558.936,403.792,97.116,83.726
576,2023-11-07 09:36:00,559.867,403.93,97.759,104.271
577,2023-11-07 09:37:00,561.329,405.508,98.217,99.65
578,2023-11-07 09:38:00,562.792,406.953,98.99,112.905
579,2023-11-07 09:39:00,567.994,411.66,99.526,91.421
580,2023-11-07 09:40:00,572.065,414.962,100.065,79.346
581,2023-11-07 09:41:00,573.673,416.132,100.505,75.973
582,2023-11-07 09:42:00,576.13,417.912,100.669,73.705
583,2023-11-07 09:43:00,579.43,420.728,101.023,73.128
584,2023-11-07 09:44:00,582.349,422.849,101.449,74.461
585,2023-11-07 09:45:00,582.349,422.849,101.449,74.461
586,2023-11-07 09:46:00,586.399,426.286,102.29,71.554
587,2023-11-07 09:47:00,589.354,428.428,102.483,72.204
588,2023-11-07 09:48:00,591.647,430.608,102.587,70.203
589,2023-11-07 09:49:00,594.484,432.69,102.862,67.448
590,2023-11-07 09:50:00,597.708,434.874,103.486,68.291
591,2023-11-07 09:51:00,599.404,436.736,103.973,69.435
592,2023-11-07 09:52:00,601.63,438.559,103.929,71.404
593,2023-11-07 09:53:00,603.727,441.345,103.952,75.514
594,2023-11-07 09:54:00,605.268,442.335,104.184,80.921
595,2023-11-07 09:55:00,608.456,445.342,104.715,82.151
596,2023-11-07 09:56:00,611.096,447.205,105.067,81.66
597,2023-11-07 09:57:00,614.978,449.214,105.237,75.521
598,2023-11-07 09:58:00,616.49,450.094,105.789,73.842
599,2023-11-07 09:59:00,619.629,452.484,106.404,74.656
600,2023-11-07 10:00:00,621.515,454.834,106.911,79.21
601,2023-11-07 10:01:00,622.139,455.395,107.351,86.53
602,2023-11-07 10:02:00,622.139,455.395,107.351,86.53
603,2023-11-07 10:03:00,627.495,459.028,107.939,72.776
604,2023-11-07 10:04:00,629.045,460.371,108.14,74.314
605,2023-11-07 10:05:00,630.856,462.927,108.06,76.087
606,2023-11-07 10:06:00,632.092,464.805,107.92,74.548
607,2023-11-07 10:07:00,634.659,465.898,107.299,75.002
608,2023-11-07 10:08:00,636.633,467.665,106.632,74.695
609,2023-11-07 10:09:00,638.655,469.721,106.134,73.135
610,2023-11-07 10:10:00,641.744,471.039,105.583,73.012
611,2023-11-07 10:11:00,642.648,472.634,105.113,72.655
612,2023-11-07 10:12:00,644.447,474.003,105.125,72.991
613,2023-11-07 10:13:00,647.057,476.434,105.33,73.588
614,2023-11-07 10:14:00,648.844,477.98,105.821,73.681
615,2023-11-07 10:15:00,650.699,479.158,106.424,74.704
616,2023-11-07 10:16:00,652.51,481.081,106.72,74.626
617,2023-11-07 10:17:00,654.929,483.162,106.676,74.259
618,2023-11-07 10:18:00,656.614,483.997,106.433,75.043
619,2023-11-07 10:19:00,656.614,483.997,106.433,75.043
620,2023-11-07 10:20:00,661.589,487.196,107.341,77.518
621,2023-11-07 10:21:00,663.867,488.481,107.937,78.067
622,2023-11-07 10:22:00,665.322,491.268,108.672,75.156
623,2023-11-07 10:23:00,667.394,492.267,109.026,67.641
624,2023-11-07 10:24:00,670.15,494.422,109.485,65.891
625,2023-11-07 10:25:00,671.028,495.991,110.039,68.223
626,2023-11-07 10:26:00,673.91,498.511,110.356,68.455
627,2023-11-07 10:27:00,675.724,499.952,110.581,69.104
628,2023-11-07 10:28:00,678.161,500.676,110.89,67.531
629,2023-11-07 10:29:00,679.209,501.844,111.511,68.866
630,2023-11-07 10:30:00,681.373,504.062,111.458,69.008
631,2023-11-07 10:31:00,683.444,505.502,110.915,69.71
632,2023-11-07 10:32:00,684.669,506.472,109.937,69.2
633,2023-11-07 10:33:00,687.271,508.3,108.601,68.063
634,2023-11-07 10:34:00,689.405,510.026,107.193,67.217
635,2023-11-07 10:35:00,690.659,511.608,106.012,67.065
636,2023-11-07 10:36:00,690.659,511.608,106.012,67.065
637,2023-11-07 10:37:00,695.138,514.592,105.122,70.05
638,2023-11-07 10:38:00,697.028,516.023,105.413,69.914
639,2023-11-07 10:39:00,699.322,517.54,105.87,69.255
640,2023-11-07 10:40:00,702.035,519.237,106.223,68.233
641,2023-11-07 10:41:00,703.162,520.8,106.768,65.033
642,2023-11-07 10:42:00,704.253,521.96,107.347,65.977
643,2023-11-07 10:43:00,706.167,523.236,108.077,66.478
644,2023-11-07 10:44:00,708.063,524.938,108.534,65.288
645,2023-11-07 10:45:00,709.36,525.512,109.262,66.976
646,2023-11-07 10:46:00,710.93,526.533,110.305,67.935
647,2023-11-07 10:47:00,711.897,527.615,110.607,65.304
648,2023-11-07 10:48:00,712.205,527.984,110.741,64.1
649,2023-11-07 10:49:00,714.483,530.262,111.412,65.831
650,2023-11-07 10:50:00,716.429,532.202,112.11,67.763
651,2023-11-07 10:51:00,718.203,533.612,112.759,68.006
652,2023-11-07 10:52:00,719.039,533.709,113.1,68.916
653,2023-11-07 10:53:00,719.039,533.709,113.1,68.916
654,2023-11-07 10:54:00,724.517,537.324,112.28,69.045
655,2023-11-07 10:55:00,726.654,539.014,111.59,66.979
656,2023-11-07 10:56:00,727.559,539.799,111.489,65.53
657,2023-11-07 10:57:00,728.283,540.652,111.758,66.14
658,2023-11-07 10:58:00,729.964,542.132,111.896,66.851
659,2023-11-07 10:59:00,730.986,543.042,111.765,67.143
660,2023-11-07 11:00:00,732.292,543.828,111.657,68.786
661,2023-11-07 11:01:00,733.184,544.209,111.848,70.086
662,2023-11-07 11:02:00,733.963,544.833,112.253,70.102
663,2023-11-07 11:03:00,736.157,546.424,112.454,70.076
664,2023-11-07 11:04:00,738.257,548.945,112.467,70.01
665,2023-11-07 11:05:00,739.603,549.86,112.769,69.581
666,2023-11-07 11:06:00,740.347,549.958,113.149,68.63
667,2023-11-07 11:07:00,741.115,550.534,113.514,68.11
668,2023-11-07 11:08:00,742.315,551.207,114.032,69.251
669,2023-11-07 11:09:00,742.608,551.78,113.918,69.548
670,2023-11-07 11:10:00,742.608,551.78,113.918,69.548
671,2023-11-07 11:11:00,743.824,553.288,112.902,70.293
672,2023-11-07 11:12:00,746.041,555.052,112.509,70.258
673,2023-11-07 11:13:00,748.174,556.282,112.368,69.345
674,2023-11-07 11:14:00,749.866,556.878,112.681,70.471
675,2023-11-07 11:15:00,749.539,557.044,113.193,70.776
676,2023-11-07 11:16:00,749.782,557.169,113.734,70.735
677,2023-11-07 11:17:00,748.913,556.451,113.793,69.184
678,2023-11-07 11:18:00,750.458,557.763,113.562,66.867
679,2023-11-07 11:19:00,750.601,557.592,113.746,67.402
680,2023-11-07 11:20:00,752.951,559.479,113.66,68.351
681,2023-11-07 11:21:00,753.73,560.304,113.484,68.401
682,2023-11-07 11:22:00,756.209,562.006,113.097,67.275
683,2023-11-07 11:23:00,755.852,561.582,112.866,66.424
684,2023-11-07 11:24:00,755.146,561.55,112.782,67.702
685,2023-11-07 11:25:00,755.614,562.31,112.699,67.283
686,2023-11-07 11:26:00,756.813,562.82,112.972,66.657
687,2023-11-07 11:27:00,756.813,562.82,112.972,66.657
688,2023-11-07 11:28:00,756.993,563.395,113.691,68.368
689,2023-11-07 11:29:00,758.338,564.502,113.971,69.377
690,2023-11-07 11:30:00,761.122,566.294,114.018,71.01
691,2023-11-07 11:31:00,762.386,566.445,113.71,70.488
692,2023-11-07 11:32:00,761.037,565.398,113.581,70.639
693,2023-11-07 11:33:00,764.951,567.915,113.864,70.931
694,2023-11-07 11:34:00,765.683,568.685,114.534,71.308
695,2023-11-07 11:35:00,767.347,570.19,114.555,69.208
696,2023-11-07 11:36:00,766.876,569.878,114.679,70.65
697,2023-11-07 11:37:00,766.022,568.869,114.815,69.658
698,2023-11-07 11:38:00,765.257,568.235,114.772,68.497
699,2023-11-07 11:39:00,765.806,568.423,114.823,66.346
700,2023-11-07 11:40:00,767.861,570.346,114.801,65.738
701,2023-11-07 11:41:00,768.003,570.88,114.496,66.36
702,2023-11-07 11:42:00,766.808,569.668,114.285,66.464
703,2023-11-07 11:43:00,769.131,570.455,114.049,66.565
704,2023-11-07 11:44:00,771.232,572.245,113.738,68.211
705,2023-11-07 11:45:00,771.232,572.245,113.738,68.211
706,2023-11-07 11:46:00,771.236,573.233,112.995,69.513
707,2023-11-07 11:47:00,772.446,574.037,112.512,69.983
708,2023-11-07 11:48:00,774.949,575.423,112.203,70.087
709,2023-11-07 11:49:00,775.671,575.559,112.04,70.533
710,2023-11-07 11:50:00,774.859,574.77,111.944,70.185
711,2023-11-07 11:51:00,772.536,573.635,111.951,68.855
712,2023-11-07 11:52:00,774.485,575.353,112.661,69.061
713,2023-11-07 11:53:00,774.141,574.362,113.58,70.017
714,2023-11-07 11:54:00,771.97,571.246,114.623,70.798
715,2023-11-07 11:55:00,774.126,573.423,115.275,69.874
716,2023-11-07 11:56:00,772.74,573.047,116.23,72.116
717,2023-11-07 11:57:00,776.811,576.516,117.198,72.687
718,2023-11-07 11:58:00,776.046,575.709,117.765,72.256
719,2023-11-07 11:59:00,776.022,575.478,117.989,71.3
720,2023-11-07 12:00:00,777.841,575.475,117.917,70.159
721,2023-11-07 12:01:00,777.859,576.504,117.525,70.242
722,2023-11-07 12:02:00,777.245,577.34,117.293,70.413
723,2023-11-07 12:03:00,777.245,577.34,117.293,70.413
724,2023-11-07 12:04:00,778.298,577.598,117.39,69.605
725,2023-11-07 12:05:00,778.034,577.176,117.346,69.439
726,2023-11-07 12:06:00,776.717,576.08,117.536,69.485
727,2023-11-07 12:07:00,776.9,575.869,117.786,69.942
728,2023-11-07 12:08:00,777.94,575.913,118.807,72.051
729,2023-11-07 12:09:00,778.379,577.31,119.713,73.944
730,2023-11-07 12:10:00,777.896,575.935,120.038,75.634
731,2023-11-07 12:11:00,778.433,577.102,119.645,75.019
732,2023-11-07 12:12:00,778.609,576.095,119.528,72.344
733,2023-11-07 12:13:00,776.166,574.608,119.748,71.952
734,2023-11-07 12:14:00,777.998,575.666,119.741,73.925
735,2023-11-07 12:15:00,777.574,575.917,119.649,74.742
736,2023-11-07 12:16:00,776.602,575.502,119.603,76.584
737,2023-11-07 12:17:00,778.081,575.539,119.805,77.777
738,2023-11-07 12:18:00,776.319,574.861,119.653,78.484
739,2023-11-07 12:19:00,776.896,575.58,119.831,78.439
740,2023-11-07 12:20:00,777.675,575.909,119.92,77.802
741,2023-11-07 12:21:00,777.675,575.909,119.92,77.802
742,2023-11-07 12:22:00,777.419,574.98,119.159,74.786
743,2023-11-07 12:23:00,776.801,574.213,118.908,75.054
744,2023-11-07 12:24:00,776.132,574.418,119.029,76.655
745,2023-11-07 12:25:00,776.039,573.394,119.184,77.93
746,2023-11-07 12:26:00,775.602,573.009,119.268,78.064
747,2023-11-07 12:27:00,776.884,574.499,119.221,76.403
748,2023-11-07 12:28:00,776.445,574.02,119.324,76.865
749,2023-11-07 12:29:00,775.615,573.188,119.451,75.688
750,2023-11-07 12:30:00,773.738,572.361,119.525,75.982
751,2023-11-07 12:31:00,773.199,571.75,119.9,76.452
752,2023-11-07 12:32:00,772.852,571.119,120.047,76.462
753,2023-11-07 12:33:00,771.864,569.905,120.057,75.787
754,2023-11-07 12:34:00,770.546,569.143,120.453,76.015
755,2023-11-07 12:35:00,770.154,568.784,120.357,75.569
756,2023-11-07 12:36:00,769.957,568.499,120.34,75.703
757,2023-11-07 12:37:00,769.306,568.207,120.267,75.989
758,2023-11-07 12:38:00,769.306,568.207,120.267,75.989
759,2023-11-07 12:39:00,766.68,566.027,119.619,75.844
760,2023-11-07 12:40:00,765.925,565.076,119.553,74.986
761,2023-11-07 12:41:00,764.941,564.083,119.191,74.156
762,2023-11-07 12:42:00,764.184,563.433,118.992,74.132
763,2023-11-07 12:43:00,762.65,562.514,118.617,73.367
764,2023-11-07 12:44:00,760.501,561.421,118.837,73.475
765,2023-11-07 12:45:00,760.439,561.851,119.578,76.147
766,2023-11-07 12:46:00,762.341,561.471,119.93,77.867
767,2023-11-07 12:47:00,761.749,560.621,120.173,76.964
768,2023-11-07 12:48:00,758.958,559.191,120.735,76.763
769,2023-11-07 12:49:00,758.268,559.333,121.176,77.917
770,2023-11-07 12:50:00,758.126,558.788,121.493,79.321
771,2023-11-07 12:51:00,756.045,556.577,121.373,78.497
772,2023-11-07 12:52:00,755.228,555.386,120.684,76.278
773,2023-11-07 12:53:00,755.228,555.386,120.684,76.278
774,2023-11-07 12:54:00,753.467,554.422,119.085,75.724
775,2023-11-07 12:55:00,751.288,552.529,118.703,75.549
776,2023-11-07 12:56:00,750.059,551.737,118.835,77.665
777,2023-11-07 12:57:00,751.229,552.186,118.668,78.641
778,2023-11-07 12:58:00,751.731,551.797,118.762,79.939
779,2023-11-07 12:59:00,750.609,551.494,119.22,80.992
780,2023-11-07 13:00:00,748.898,550.121,120.199,80.48
781,2023-11-07 13:01:00,748.51,549.682,120.677,82.228
782,2023-11-07 13:02:00,748.993,549.523,120.792,82.615
783,2023-11-07 13:03:00,747.607,548.289,120.53,78.737
784,2023-11-07 13:04:00,744.457,546.258,120.385,78.218
785,2023-11-07 13:05:00,743.485,545.44,119.913,77.632
786,2023-11-07 13:06:00,742.075,544.159,119.48,77.721
787,2023-11-07 13:07:00,739.73,542.644,119.254,77.788
788,2023-11-07 13:08:00,738.359,541.396,119.161,77.792
789,2023-11-07 13:09:00,738.359,541.396,119.161,77.792
790,2023-11-07 13:10:00,738.115,541.168,119.184,77.644
791,2023-11-07 13:11:00,738.375,540.249,118.527,76.769
792,2023-11-07 13:12:00,737.014,538.78,118.013,77.204
793,2023-11-07 13:13:00,736.179,538.081,117.629,78.504
794,2023-11-07 13:14:00,733.223,536.222,117.519,76.723
795,2023-11-07 13:15:00,731.061,535.194,117.801,77.528
796,2023-11-07 13:16:00,728.41,533.768,117.593,77.667
797,2023-11-07 13:17:00,725.654,532.235,118.1,79.272
798,2023-11-07 13:18:00,726.006,531.471,118.12,79.183
799,2023-11-07 13:19:00,725.431,530.581,118.198,78.218
800,2023-11-07 13:20:00,726.462,531.167,118.362,77.627
801,2023-11-07 13:21:00,726.207,530.562,118.23,77.757
802,2023-11-07 13:22:00,725.317,529.408,118.362,78.167
803,2023-11-07 13:23:00,722.967,527.527,117.981,78.49
804,2023-11-07 13:24:00,723.012,527.542,117.51,78.641
805,2023-11-07 13:25:00,721.022,525.81,117.166,77.283
806,2023-11-07 13:26:00,721.022,525.81,117.166,77.283
807,2023-11-07 13:27:00,715.992,522.183,117.784,77.158
808,2023-11-07 13:28:00,714.957,521.458,118.37,76.895
809,2023-11-07 13:29:00,714.911,521.042,118.392,76.103
810,2023-11-07 13:30:00,713.224,519.73,118.221,76.028
811,2023-11-07 13:31:00,713.114,519.31,118.499,77.169
812,2023-11-07 13:32:00,711.178,517.69,118.854,77.366
813,2023-11-07 13:33:00,708.647,515.712,118.737,76.472
814,2023-11-07 13:34:00,707.833,515.386,118.526,77.037
815,2023-11-07 13:35:00,705.665,513.31,118.095,76.491
816,2023-11-07 13:36:00,703.055,510.796,117.969,78.026
817,2023-11-07 13:37:00,703.429,510.275,118.165,80.225
818,2023-11-07 13:38:00,701.458,509.727,118.377,81.303
819,2023-11-07 13:39:00,699.23,507.857,118.438,80.45
820,2023-11-07 13:40:00,696.969,506.157,117.937,76.663
821,2023-11-07 13:41:00,693.682,503.918,117.821,76.581
822,2023-11-07 13:42:00,690.724,501.362,117.974,77.281
823,2023-11-07 13:43:00,689.178,499.987,117.819,77.779
824,2023-11-07 13:44:00,689.178,499.987,117.819,77.779
825,2023-11-07 13:45:00,687.35,498.683,117.493,77.936
826,2023-11-07 13:46:00,683.132,495.404,117.275,76.349
827,2023-11-07 13:47:00,681.655,493.994,117.052,76.489
828,2023-11-07 13:48:00,681.248,493.402,116.875,77.308
829,2023-11-07 13:49:00,679.808,491.787,116.407,76.885
830,2023-11-07 13:50:00,678.195,490.126,116.051,77.837
831,2023-11-07 13:51:00,675.221,488.25,115.685,77.632
832,2023-11-07 13:52:00,673.907,487.338,115.117,76.972
833,2023-11-07 13:53:00,671.653,485.513,114.484,76.407
834,2023-11-07 13:54:00,670.074,483.807,114.064,76.889
835,2023-11-07 13:55:00,668.457,482.43,114.105,77.072
836,2023-11-07 13:56:00,667.172,481.831,113.612,76.373
837,2023-11-07 13:57:00,665.386,480.07,113.101,76.472
838,2023-11-07 13:58:00,663.367,478.782,112.64,77.106
839,2023-11-07 13:59:00,660.071,476.421,112.281,76.402
840,2023-11-07 14:00:00,657.119,473.452,112.162,75.209
841,2023-11-07 14:01:00,657.119,473.452,112.162,75.209
842,2023-11-07 14:02:00,653.915,470.015,112.832,77.731
843,2023-11-07 14:03:00,651.539,468.073,113.23,77.947
844,2023-11-07 14:04:00,649.24,467.04,113.64,78.572
845,2023-11-07 14:05:00,647.917,466.014,114.248,78.911
846,2023-11-07 14:06:00,646.385,464.37,115.011,77.338
847,2023-11-07 14:07:00,643.845,462.096,115.54,77.485
848,2023-11-07 14:08:00,641.136,459.965,115.156,75.72
849,2023-11-07 14:09:00,638.447,458.515,115.265,76.808
850,2023-11-07 14:10:00,637.405,457.26,115.184,77.542
851,2023-11-07 14:11:00,635.16,455.49,114.85,77.61
852,2023-11-07 14:12:00,631.802,452.83,114.765,77.59
853,2023-11-07 14:13:00,629.787,450.596,114.868,78.477
854,2023-11-07 14:14:00,628.521,450.024,114.847,78.497
855,2023-11-07 14:15:00,627.183,448.382,115.257,79.33
856,2023-11-07 14:16:00,626.314,447.85,116.036,80.194
857,2023-11-07 14:17:00,624.178,445.836,116.233,80.259
858,2023-11-07 14:18:00,619.694,442.855,116.434,81.485
859,2023-11-07 14:19:00,616.892,441.309,116.61,82.106
860,2023-11-07 14:20:00,616.892,441.309,116.61,82.106
861,2023-11-07 14:21:00,611.448,436.235,116.97,80.342
862,2023-11-07 14:22:00,607.632,433.444,117.07,79.502
863,2023-11-07 14:23:00,605.123,431.377,117.396,80.684
864,2023-11-07 14:24:00,604.121,430.018,117.551,81.138
865,2023-11-07 14:25:00,603.644,429.347,117.229,77.829
866,2023-11-07 14:26:00,602.18,428.498,116.817,75.409
867,2023-11-07 14:27:00,600.863,427.385,116.469,76.134
868,2023-11-07 14:28:00,597.836,425.153,116.412,77.228
869,2023-11-07 14:29:00,594.698,422.736,116.526,77.848
870,2023-11-07 14:30:00,593.273,421.198,116.829,78.871
871,2023-11-07 14:31:00,591.983,419.959,117.308,79.807
872,2023-11-07 14:32:00,588.992,418.061,117.766,80.37
873,2023-11-07 14:33:00,585.565,415.192,117.909,80.212
874,2023-11-07 14:34:00,582.72,412.648,117.82,78.848
875,2023-11-07 14:35:00,579.536,410.152,118.013,78.532
876,2023-11-07 14:36:00,576.486,407.956,117.769,78.688
877,2023-11-07 14:37:00,573.819,405.971,117.05,77.472
878,2023-11-07 14:38:00,573.819,405.971,117.05,77.472
879,2023-11-07 14:39:00,568.073,401.576,115.871,76.396
880,2023-11-07 14:40:00,565.279,398.797,115.52,75.927
881,2023-11-07 14:41:00,562.407,396.638,115.135,75.911
882,2023-11-07 14:42:00,560.112,395.194,114.066,76.239
883,2023-11-07 14:43:00,557.736,392.982,113.529,76.909
884,2023-11-07 14:44:00,554.978,390.795,112.641,77.302
885,2023-11-07 14:45:00,552.366,389.015,112.123,76.546
886,2023-11-07 14:46:00,549.723,387.146,111.493,76.466
887,2023-11-07 14:47:00,546.39,384.055,111.237,77.421
888,2023-11-07 14:48:00,542.766,381.502,111.027,77.218
889,2023-11-07 14:49:00,539.898,378.814,111.199,78.438
890,2023-11-07 14:50:00,536.338,376.589,111.29,77.616
891,2023-11-07 14:51:00,533.332,374.225,111.569,76.984
892,2023-11-07 14:52:00,530.781,372.204,111.885,78.202
893,2023-11-07 14:53:00,528.694,370.487,112.203,79.622
894,2023-11-07 14:54:00,528.694,370.487,112.203,79.622
895,2023-11-07 14:55:00,524.417,366.641,112.56,76.255
896,2023-11-07 14:56:00,521.91,364.644,112.327,75.043
897,2023-11-07 14:57:00,518.655,362.441,111.931,74.562
898,2023-11-07 14:58:00,515.116,359.813,112.038,75.979
899,2023-11-07 14:59:00,512.109,356.985,111.662,76.11
900,2023-11-07 15:00:00,508.033,354.025,111.746,76.809
901,2023-11-07 15:01:00,504.499,350.805,111.864,77.15
902,2023-11-07 15:02:00,502.074,348.527,111.815,76.515
903,2023-11-07 15:03:00,499.704,346.947,111.705,77.199
904,2023-11-07 15:04:00,496.713,344.99,111.809,77.48
905,2023-11-07 15:05:00,493.986,342.737,111.865,77.284
906,2023-11-07 15:06:00,490.944,340.408,111.736,75.803
907,2023-11-07 15:07:00,487.361,337.269,111.298,75.302
908,2023-11-07 15:08:00,483.813,334.422,110.664,74.689
909,2023-11-07 15:09:00,480.014,331.481,110.064,75.25
910,2023-11-07 15:10:00,476.543,329.048,109.655,76.594
911,2023-11-07 15:11:00,473.208,326.698,109.463,77.543
912,2023-11-07 15:12:00,473.208,326.698,109.463,77.543
913,2023-11-07 15:13:00,467.425,321.857,109.433,76.761
914,2023-11-07 15:14:00,464.021,319.457,109.796,77.587
915,2023-11-07 15:15:00,460.765,317.105,109.751,78.112
916,2023-11-07 15:16:00,456.95,314.2,109.573,78.093
917,2023-11-07 15:17:00,453.422,311.118,109.385,76.698
918,2023-11-07 15:18:00,449.85,308.315,109.354,76.299
919,2023-11-07 15:19:00,446.645,305.659,109.089,76.062
920,2023-11-07 15:20:00,443.303,302.694,108.844,76.144
921,2023-11-07 15:21:00,440.209,300.302,108.429,76.347
922,2023-11-07 15:22:00,437.687,297.986,108.072,75.597
923,2023-11-07 15:23:00,434.486,295.441,107.561,75.396
924,2023-11-07 15:24:00,431.255,292.675,107.145,75.073
925,2023-11-07 15:25:00,428.277,290.791,106.823,75.282
926,2023-11-07 15:26:00,424.846,288.023,106.723,75.608
927,2023-11-07 15:27:00,420.985,285.153,106.754,75.442
928,2023-11-07 15:28:00,420.985,285.153,106.754,75.442
929,2023-11-07 15:29:00,415.263,280.793,106.268,74.613
930,2023-11-07 15:30:00,412.317,278.133,105.973,75.811
931,2023-11-07 15:31:00,408.862,275.19,105.559,76.242
932,2023-11-07 15:32:00,405.128,272.411,104.709,75.406
933,2023-11-07 15:33:00,401.035,269.453,103.874,75.473
934,2023-11-07 15:34:00,397.436,266.857,103.564,76.022
935,2023-11-07 15:35:00,394.052,264.183,103.306,77.456
936,2023-11-07 15:36:00,389.954,261.139,103.372,81.561
937,2023-11-07 15:37:00,386.092,258.243,103.377,83.744
938,2023-11-07 15:38:00,381.894,255.341,103.096,85.154
939,2023-11-07 15:39:00,377.776,252.109,102.67,85.721
940,2023-11-07 15:40:00,374.902,249.636,101.957,84.028
941,2023-11-07 15:41:00,372.068,247.327,101.111,88.621
942,2023-11-07 15:42:00,368.011,244.246,100.398,87.617
943,2023-11-07 15:43:00,364.242,241.416,100.113,85.96
944,2023-11-07 15:44:00,360.66,238.51,100.011,85.32
945,2023-11-07 15:45:00,360.66,238.51,100.011,85.32
946,2023-11-07 15:46:00,351.329,231.958,100.105,83.651
947,2023-11-07 15:47:00,346.948,228.879,100.099,81.072
948,2023-11-07 15:48:00,343.072,225.92,99.987,80.038
949,2023-11-07 15:49:00,338.071,221.999,99.715,79.433
950,2023-11-07 15:50:00,333.136,218.616,99.67,79.057
951,2023-11-07 15:51:00,329.423,215.729,99.661,78.302
952,2023-11-07 15:52:00,324.385,212.16,99.329,77.285
953,2023-11-07 15:53:00,319.647,208.914,98.976,77.135
954,2023-11-07 15:54:00,315.652,205.657,98.936,77.988
955,2023-11-07 15:55:00,311.896,203.014,98.467,77.09
956,2023-11-07 15:56:00,305.918,200.377,98.149,76.381
957,2023-11-07 15:57:00,280.537,195.569,98.102,76.409
958,2023-11-07 15:58:00,212.592,171.748,98.122,77.158
959,2023-11-07 15:59:00,127.643,148.77,97.828,76.654
960,2023-11-07 16:00:00,90.138,129.875,97.513,76.097
961,2023-11-07 16:01:00,62.263,97.916,96.702,73.474
962,2023-11-07 16:02:00,45.224,83.503,95.206,70.742
963,2023-11-07 16:03:00,45.224,83.503,95.206,70.742
964,2023-11-07 16:04:00,49.036,75.069,91.94,65.751
965,2023-11-07 16:05:00,42.138,54.158,90.233,64.533
966,2023-11-07 16:06:00,38.661,43.559,88.765,63.609
967,2023-11-07 16:07:00,38.241,47.18,87.49,63.1
968,2023-11-07 16:08:00,37.677,49.411,86.334,62.465
969,2023-11-07 16:09:00,37.572,43.26,85.158,61.611
970,2023-11-07 16:10:00,44.31,60.264,84.078,61.026
971,2023-11-07 16:11:00,70.192,101.022,83.114,61.49
972,2023-11-07 16:12:00,86.015,108.823,82.271,62.683
973,2023-11-07 16:13:00,55.088,65.483,81.486,62.511
974,2023-11-07 16:14:00,37.905,38.29,80.752,61.06
975,2023-11-07 16:15:00,37.543,34.778,80.088,60.66
976,2023-11-07 16:16:00,35.583,34.118,79.537,61.096
977,2023-11-07 16:17:00,33.037,32.798,79.053,62.043
978,2023-11-07 16:18:00,32.163,32.556,78.59,65.312
979,2023-11-07 16:19:00,32.062,31.915,78.26,66.261
980,2023-11-07 16:20:00,31.724,30.95,77.911,63.994
981,2023-11-07 16:21:00,31.724,30.95,77.911,63.994
982,2023-11-07 16:22:00,31.133,31.109,77.427,62.864
983,2023-11-07 16:23:00,32.462,32.638,77.166,62.843
984,2023-11-07 16:24:00,33.864,33.103,76.789,62.487
985,2023-11-07 16:25:00,33.05,31.34,76.311,62.364
986,2023-11-07 16:26:00,30.752,30.052,75.963,63.503
987,2023-11-07 16:27:00,29.279,29.24,75.573,66.081
988,2023-11-07 16:28:00,28.651,28.651,75.288,67.782
989,2023-11-07 16:29:00,28.127,28.127,75.075,64.785
990,2023-11-07 16:30:00,27.82,27.82,74.705,65.729
991,2023-11-07 16:31:00,27.498,27.498,74.433,69.784
992,2023-11-07 16:32:00,26.988,26.962,74.203,74.51
993,2023-11-07 16:33:00,26.657,26.45,73.884,97.076
994,2023-11-07 16:34:00,26.37,26.538,73.722,87.059
995,2023-11-07 16:35:00,26.072,26.365,73.538,78.331
996,2023-11-07 16:36:00,25.586,25.682,73.33,77.422
997,2023-11-07 16:37:00,25.202,25.403,73.087,75.607
998,2023-11-07 16:38:00,24.557,25.041,72.86,73.921
999,2023-11-07 16:39:00,24.2,24.474,72.624,72.592
1000,2023-11-07 16:40:00,24.2,24.474,72.624,72.592
1001,2023-11-07 16:41:00,23.77,23.898,72.217,68.534
1002,2023-11-07 16:42:00,23.372,23.673,72.28,68.414
1003,2023-11-07 16:43:00,22.998,23.2,72.208,69.37
1004,2023-11-07 16:44:00,22.903,22.997,72.034,70.949
1005,2023-11-07 16:45:00,22.551,22.916,71.82,85.511
1006,2023-11-07 16:46:00,22.05,22.639,71.372,109.707
1007,2023-11-07 16:47:00,21.747,22.298,71.126,87.311
1008,2023-11-07 16:48:00,21.463,21.837,70.988,95.599
1009,2023-11-07 16:49:00,21.146,21.78,70.746,100.688
1010,2023-11-07 16:50:00,20.642,21.706,70.489,100.127
1011,2023-11-07 16:51:00,20.293,21.035,70.238,97.269
1012,2023-11-07 16:52:00,19.797,20.631,70.064,81.947
1013,2023-11-07 16:53:00,19.447,20.341,69.944,86.22
1014,2023-11-07 16:54:00,19.356,19.858,69.737,109.42
1015,2023-11-07 16:55:00,19.168,19.47,69.78,94.289
1016,2023-11-07 16:56:00,18.547,18.85,69.894,83.423
1017,2023-11-07 16:57:00,18.547,18.85,69.894,83.423
1018,2023-11-07 16:58:00,17.436,17.876,69.934,75.23
1019,2023-11-07 16:59:00,16.943,17.319,69.651,73.805
1020,2023-11-07 17:00:00,16.577,16.86,69.385,75.596
1021,2023-11-07 17:01:00,15.694,16.419,69.077,79.772
1022,2023-11-07 17:02:00,15.251,15.777,68.802,78.256
1023,2023-11-07 17:03:00,14.583,15.568,68.559,73.519
1024,2023-11-07 17:04:00,14.391,14.823,68.108,81.883
1025,2023-11-07 17:05:00,13.692,14.226,68.002,89.326
1026,2023-11-07 17:06:00,13.303,13.678,67.659,91.047
1027,2023-11-07 17:07:00,12.781,13.31,67.419,105.338
1028,2023-11-07 17:08:00,12.226,12.598,67.21,82.043
1029,2023-11-07 17:09:00,11.852,12.163,66.961,68.961
1030,2023-11-07 17:10:00,11.169,11.674,66.665,65.711
1031,2023-11-07 17:11:00,10.69,11.101,66.353,65.268
1032,2023-11-07 17:12:00,10.223,10.525,66.04,70.437
1033,2023-11-07 17:13:00,9.646,9.949,65.817,80.945
1034,2023-11-07 17:14:00,9.646,9.949,65.817,80.945
1035,2023-11-07 17:15:00,8.633,9.099,65.308,85.956
1036,2023-11-07 17:16:00,8.224,8.65,65.137,92.832
1037,2023-11-07 17:17:00,7.654,8.04,64.878,96.974
1038,2023-11-07 17:18:00,7.08,7.279,64.653,97.536
1039,2023-11-07 17:19:00,6.513,7.021,64.424,112.996
1040,2023-11-07 17:20:00,5.944,6.328,64.092,103.384
1041,2023-11-07 17:21:00,5.368,5.896,63.898,91.347
1042,2023-11-07 17:22:00,4.89,5.169,63.506,99.664
1043,2023-11-07 17:23:00,4.725,4.835,63.317,115.37
1044,2023-11-07 17:24:00,3.993,4.484,63.097,101.707
1045,2023-11-07 17:25:00,3.4,3.752,62.771,76.372
1046,2023-11-07 17:26:00,3.044,3.347,62.578,84.521
1047,2023-11-07 17:27:00,2.555,2.843,62.421,107.245
1048,2023-11-07 17:28:00,2.42,2.497,62.264,105.667
1049,2023-11-07 17:29:00,2.4,2.407,62.109,107.679
1050,2023-11-07 17:30:00,1.82,2.017,61.987,102.726
1051,2023-11-07 17:31:00,1.51,1.628,61.784,82.042
1052,2023-11-07 17:32:00,1.173,1.342,61.678,70.104
1053,2023-11-07 17:33:00,1.173,1.342,61.678,70.104
1054,2023-11-07 17:34:00,1.081,0.908,61.357,76.041
1055,2023-11-07 17:35:00,0.697,0.801,61.237,97.097
1056,2023-11-07 17:36:00,0.222,0.518,61.065,115.712
1057,2023-11-07 17:37:00,0.009,0.23,60.916,119.996
1058,2023-11-07 17:38:00,0.0,0.013,60.884,116.883
1059,2023-11-07 17:39:00,0.0,0.0,60.755,101.888
1060,2023-11-07 17:40:00,0.0,0.0,60.524,84.927
1061,2023-11-07 17:41:00,0.0,0.0,60.354,97.605
1062,2023-11-07 17:42:00,0.0,0.0,60.173,110.406
1063,2023-11-07 17:43:00,0.0,0.0,60.12,118.574
1064,2023-11-07 17:44:00,0.0,0.0,59.88,119.939
1065,2023-11-07 17:45:00,0.0,0.0,59.689,115.514
1066,2023-11-07 17:46:00,0.0,0.0,59.571,94.796
1067,2023-11-07 17:47:00,0.0,0.0,59.502,81.343
1068,2023-11-07 17:48:00,0.0,0.0,59.418,79.58
1069,2023-11-07 17:49:00,0.0,0.0,59.418,79.58
1070,2023-11-07 17:50:00,0.0,0.0,59.212,73.763
1071,2023-11-07 17:51:00,0.0,0.0,59.086,81.949
1072,2023-11-07 17:52:00,0.0,0.0,58.988,86.092
1073,2023-11-07 17:53:00,0.0,0.0,58.953,97.091
1074,2023-11-07 17:54:00,0.0,0.0,58.88,111.223
1075,2023-11-07 17:55:00,0.0,0.0,58.814,119.671
1076,2023-11-07 17:56:00,0.0,0.0,58.62,120.166
1077,2023-11-07 17:57:00,0.0,0.0,58.611,120.166
1078,2023-11-07 17:58:00,0.0,0.0,58.625,120.166
1079,2023-11-07 17:59:00,0.0,0.0,58.466,120.166
1080,2023-11-07 18:00:00,0.0,0.0,58.383,120.151
1081,2023-11-07 18:01:00,0.0,0.0,58.249,118.801
1082,2023-11-07 18:02:00,0.0,0.0,58.097,99.36
1083,2023-11-07 18:03:00,0.0,0.0,58.011,83.931
1084,2023-11-07 18:04:00,0.0,0.0,57.822,77.412
1085,2023-11-07 18:05:00,0.0,0.0,57.596,74.014
1086,2023-11-07 18:06:00,0.0,0.0,57.596,74.014
1087,2023-11-07 18:07:00,0.0,0.0,57.342,68.64
1088,2023-11-07 18:08:00,0.0,0.0,57.194,64.23
1089,2023-11-07 18:09:00,0.0,0.0,57.086,60.678
1090,2023-11-07 18:10:00,0.0,0.0,57.083,59.609
1091,2023-11-07 18:11:00,0.0,0.0,56.981,58.842
1092,2023-11-07 18:12:00,0.0,0.0,56.89,58.401
1093,2023-11-07 18:13:00,0.0,0.0,56.826,57.702
1094,2023-11-07 18:14:00,0.0,0.0,56.726,57.174
1095,2023-11-07 18:15:00,0.0,0.0,56.614,57.492
1096,2023-11-07 18:16:00,0.0,0.0,56.463,57.65
1097,2023-11-07 18:17:00,0.0,0.0,56.303,58.245
1098,2023-11-07 18:18:00,0.0,0.0,56.114,58.942
1099,2023-11-07 18:19:00,0.0,0.0,56.033,58.82
1100,2023-11-07 18:20:00,0.0,0.0,56.023,52.851
1101,2023-11-07 18:21:00,0.0,0.0,56.093,49.49
1102,2023-11-07 18:22:00,0.0,0.0,56.025,48.756
1103,2023-11-07 18:23:00,0.0,0.0,55.965,48.737
1104,2023-11-07 18:24:00,0.0,0.0,55.877,48.927
1105,2023-11-07 18:25:00,0.0,0.0,55.877,48.927
1106,2023-11-07 18:26:00,0.0,0.0,55.808,49.242
1107,2023-11-07 18:27:00,0.0,0.0,55.64,51.288
1108,2023-11-07 18:28:00,0.0,0.0,55.53,53.121
1109,2023-11-07 18:29:00,0.0,0.0,55.6,51.624
1110,2023-11-07 18:30:00,0.0,0.0,55.516,51.001
1111,2023-11-07 18:31:00,0.0,0.0,55.462,51.029
1112,2023-11-07 18:32:00,0.0,0.0,55.41,50.593
1113,2023-11-07 18:33:00,0.0,0.0,55.358,49.155
1114,2023-11-07 18:34:00,0.0,0.0,55.333,46.849
1115,2023-11-07 18:35:00,0.0,0.0,55.432,45.482
1116,2023-11-07 18:36:00,0.0,0.0,55.334,44.593
1117,2023-11-07 18:37:00,0.0,0.0,55.309,44.557
1118,2023-11-07 18:38:00,0.0,0.0,55.344,44.716
1119,2023-11-07 18:39:00,0.0,0.0,55.282,44.84
1120,2023-11-07 18:40:00,0.0,0.0,55.216,45.206
1121,2023-11-07 18:41:00,0.0,0.0,55.23,45.834
1122,2023-11-07 18:42:00,0.0,0.0,55.312,46.783
1123,2023-11-07 18:43:00,0.0,0.0,55.312,46.783
1124,2023-11-07 18:44:00,0.0,0.0,55.416,49.11
1125,2023-11-07 18:45:00,0.0,0.0,55.456,50.141
1126,2023-11-07 18:46:00,0.0,0.0,55.559,50.796
1127,2023-11-07 18:47:00,0.0,0.0,55.647,51.714
1128,2023-11-07 18:48:00,0.0,0.0,55.714,53.131
1129,2023-11-07 18:49:00,0.0,0.0,55.838,54.563
1130,2023-11-07 18:50:00,0.0,0.0,56.02,54.814
1131,2023-11-07 18:51:00,0.0,0.0,56.119,55.199
1132,2023-11-07 18:52:00,0.0,0.0,56.13,55.137
1133,2023-11-07 18:53:00,0.0,0.0,56.111,55.202
1134,2023-11-07 18:54:00,0.0,0.0,55.95,55.477
1135,2023-11-07 18:55:00,0.0,0.0,55.914,55.205
1136,2023-11-07 18:56:00,0.0,0.0,55.948,55.402
1137,2023-11-07 18:57:00,0.0,0.0,55.893,55.419
1138,2023-11-07 18:58:00,0.0,0.0,56.0,55.289
1139,2023-11-07 18:59:00,0.0,0.0,56.008,55.141
1140,2023-11-07 19:00:00,0.0,0.0,55.813,55.149
1141,2023-11-07 19:01:00,0.0,0.0,55.813,55.149
1142,2023-11-07 19:02:00,0.0,0.0,55.777,55.238
1143,2023-11-07 19:03:00,0.0,0.0,55.663,55.038
1144,2023-11-07 19:04:00,0.0,0.0,55.547,54.525
1145,2023-11-07 19:05:00,0.0,0.0,55.549,53.558
1146,2023-11-07 19:06:00,0.0,0.0,55.413,52.845
1147,2023-11-07 19:07:00,0.0,0.0,55.235,52.628
1148,2023-11-07 19:08:00,0.0,0.0,55.297,52.125
1149,2023-11-07 19:09:00,0.0,0.0,55.299,52.461
1150,2023-11-07 19:10:00,0.0,0.0,55.225,52.899
1151,2023-11-07 19:11:00,0.0,0.0,54.99,52.884
1152,2023-11-07 19:12:00,0.0,0.0,55.041,52.774
1153,2023-11-07 19:13:00,0.0,0.0,54.916,53.172
1154,2023-11-07 19:14:00,0.0,0.0,54.825,54.079
1155,2023-11-07 19:15:00,0.0,0.0,54.772,55.939
1156,2023-11-07 19:16:00,0.0,0.0,54.687,57.773
1157,2023-11-07 19:17:00,0.0,0.0,54.747,57.71
1158,2023-11-07 19:18:00,0.0,0.0,54.722,56.911
1159,2023-11-07 19:19:00,0.0,0.0,54.722,56.911
1160,2023-11-07 19:20:00,0.0,0.0,54.537,55.723
1161,2023-11-07 19:21:00,0.0,0.0,54.537,54.291
1162,2023-11-07 19:22:00,0.0,0.0,54.433,52.815
1163,2023-11-07 19:23:00,0.0,0.0,54.216,51.349
1164,2023-11-07 19:24:00,0.0,0.0,54.195,50.211
1165,2023-11-07 19:25:00,0.0,0.0,54.115,49.222
1166,2023-11-07 19:26:00,0.0,0.0,53.944,48.365
1167,2023-11-07 19:27:00,0.0,0.0,53.884,47.393
1168,2023-11-07 19:28:00,0.0,0.0,53.863,46.73
1169,2023-11-07 19:29:00,0.0,0.0,53.731,46.475
1170,2023-11-07 19:30:00,0.0,0.0,53.586,45.759
1171,2023-11-07 19:31:00,0.0,0.0,53.58,43.573
1172,2023-11-07 19:32:00,0.0,0.0,53.402,42.386
1173,2023-11-07 19:33:00,0.0,0.0,53.148,41.996
1174,2023-11-07 19:34:00,0.0,0.0,53.19,41.652
1175,2023-11-07 19:35:00,0.0,0.0,53.052,41.479
1176,2023-11-07 19:36:00,0.0,0.0,53.052,41.479
1177,2023-11-07 19:37:00,0.0,0.0,52.677,41.158
1178,2023-11-07 19:38:00,0.0,0.0,52.605,40.877
1179,2023-11-07 19:39:00,0.0,0.0,52.591,41.037
1180,2023-11-07 19:40:00,0.0,0.0,52.438,41.582
1181,2023-11-07 19:41:00,0.0,0.0,52.411,42.631
1182,2023-11-07 19:42:00,0.0,0.0,52.424,43.744
1183,2023-11-07 19:43:00,0.0,0.0,52.358,44.626
1184,2023-11-07 19:44:00,0.0,0.0,52.39,45.16
1185,2023-11-07 19:45:00,0.0,0.0,52.369,45.979
1186,2023-11-07 19:46:00,0.0,0.0,52.207,46.581
1187,2023-11-07 19:47:00,0.0,0.0,52.175,47.197
1188,2023-11-07 19:48:00,0.0,0.0,52.181,47.97
1189,2023-11-07 19:49:00,0.0,0.0,52.264,45.525
1190,2023-11-07 19:50:00,0.0,0.0,52.401,43.681
1191,2023-11-07 19:51:00,0.0,0.0,52.416,42.732
1192,2023-11-07 19:52:00,0.0,0.0,52.532,41.982
1193,2023-11-07 19:53:00,0.0,0.0,52.55,41.384
1194,2023-11-07 19:54:00,0.0,0.0,52.446,41.082
1195,2023-11-07 19:55:00,0.0,0.0,52.446,41.082
1196,2023-11-07 19:56:00,0.0,0.0,52.419,41.016
1197,2023-11-07 19:57:00,0.0,0.0,52.428,40.81
1198,2023-11-07 19:58:00,0.0,0.0,52.339,40.337
1199,2023-11-07 19:59:00,0.0,0.0,52.25,40.103
1200,2023-11-07 20:00:00,0.0,0.0,52.269,40.083
1201,2023-11-07 20:01:00,0.0,0.0,52.245,40.191
1202,2023-11-07 20:02:00,0.0,0.0,52.313,40.096
1203,2023-11-07 20:03:00,0.0,0.0,52.419,40.046
1204,2023-11-07 20:04:00,0.0,0.0,52.351,39.954
1205,2023-11-07 20:05:00,0.0,0.0,52.374,39.853
1206,2023-11-07 20:06:00,0.0,0.0,52.594,39.739
1207,2023-11-07 20:07:00,0.0,0.0,52.454,39.697
1208,2023-11-07 20:08:00,0.0,0.0,52.473,39.47
1209,2023-11-07 20:09:00,0.0,0.0,52.383,39.258
1210,2023-11-07 20:10:00,0.0,0.0,52.266,39.179
1211,2023-11-07 20:11:00,0.0,0.0,52.23,39.147
1212,2023-11-07 20:12:00,0.0,0.0,52.199,39.153
1213,2023-11-07 20:13:00,0.0,0.0,52.199,39.153
1214,2023-11-07 20:14:00,0.0,0.0,52.151,39.233
1215,2023-11-07 20:15:00,0.0,0.0,52.077,39.244
1216,2023-11-07 20:16:00,0.0,0.0,51.993,39.227
1217,2023-11-07 20:17:00,0.0,0.0,51.957,39.28
1218,2023-11-07 20:18:00,0.0,0.0,51.956,39.314
1219,2023-11-07 20:19:00,0.0,0.0,51.994,39.306
1220,2023-11-07 20:20:00,0.0,0.0,52.133,39.169
1221,2023-11-07 20:21:00,0.0,0.0,52.231,38.984
1222,2023-11-07 20:22:00,0.0,0.0,52.265,38.82
1223,2023-11-07 20:23:00,0.0,0.0,52.19,38.659
1224,2023-11-07 20:24:00,0.0,0.0,52.171,38.508
1225,2023-11-07 20:25:00,0.0,0.0,52.122,38.451
1226,2023-11-07 20:26:00,0.0,0.0,51.995,38.404
1227,2023-11-07 20:27:00,0.0,0.0,51.953,38.529
1228,2023-11-07 20:28:00,0.0,0.0,51.881,38.653
1229,2023-11-07 20:29:00,0.0,0.0,51.745,38.625
1230,2023-11-07 20:30:00,0.0,0.0,51.561,38.473
1231,2023-11-07 20:31:00,0.0,0.0,51.561,38.473
1232,2023-11-07 20:32:00,0.0,0.0,51.446,38.161
1233,2023-11-07 20:33:00,0.0,0.0,51.312,37.955
1234,2023-11-07 20:34:00,0.0,0.0,51.278,37.814
1235,2023-11-07 20:35:00,0.0,0.0,51.348,37.663
1236,2023-11-07 20:36:00,0.0,0.0,51.387,37.556
1237,2023-11-07 20:37:00,0.0,0.0,51.524,37.538
1238,2023-11-07 20:38:00,0.0,0.0,51.655,37.546
1239,2023-11-07 20:39:00,0.0,0.0,51.89,37.325
1240,2023-11-07 20:40:00,0.0,0.0,52.081,37.124
1241,2023-11-07 20:41:00,0.0,0.0,52.086,37.161
1242,2023-11-07 20:42:00,0.0,0.0,52.19,37.182
1243,2023-11-07 20:43:00,0.0,0.0,52.19,37.204
1244,2023-11-07 20:44:00,0.0,0.0,52.176,37.189
1245,2023-11-07 20:45:00,0.0,0.0,52.208,37.112
1246,2023-11-07 20:46:00,0.0,0.0,52.062,37.056
1247,2023-11-07 20:47:00,0.0,0.0,52.049,36.946
1248,2023-11-07 20:48:00,0.0,0.0,52.049,36.946
1249,2023-11-07 20:49:00,0.0,0.0,51.746,37.006
1250,2023-11-07 20:50:00,0.0,0.0,51.757,36.975
1251,2023-11-07 20:51:00,0.0,0.0,51.896,36.862
1252,2023-11-07 20:52:00,0.0,0.0,51.794,36.798
1253,2023-11-07 20:53:00,0.0,0.0,51.763,36.731
1254,2023-11-07 20:54:00,0.0,0.0,51.686,36.791
1255,2023-11-07 20:55:00,0.0,0.0,51.691,36.745
1256,2023-11-07 20:56:00,0.0,0.0,51.714,36.627
1257,2023-11-07 20:57:00,0.0,0.0,51.615,36.517
1258,2023-11-07 20:58:00,0.0,0.0,51.466,36.37
1259,2023-11-07 20:59:00,0.0,0.0,51.314,36.269
1260,2023-11-07 21:00:00,0.0,0.0,51.2,36.216
1261,2023-11-07 21:01:00,0.0,0.0,51.096,36.084
1262,2023-11-07 21:02:00,0.0,0.0,50.993,35.992
1263,2023-11-07 21:03:00,0.0,0.0,50.926,35.858
1264,2023-11-07 21:04:00,0.0,0.0,50.839,35.763
1265,2023-11-07 21:05:00,0.0,0.0,50.802,35.72
1266,2023-11-07 21:06:00,0.0,0.0,50.862,35.706
1267,2023-11-07 21:07:00,0.0,0.0,50.862,35.706
1268,2023-11-07 21:08:00,0.0,0.0,50.779,35.818
1269,2023-11-07 21:09:00,0.0,0.0,50.747,35.852
1270,2023-11-07 21:10:00,0.0,0.0,50.729,35.832
1271,2023-11-07 21:11:00,0.0,0.0,50.678,35.857
1272,2023-11-07 21:12:00,0.0,0.0,50.639,35.803
1273,2023-11-07 21:13:00,0.0,0.0,50.649,35.77
1274,2023-11-07 21:14:00,0.0,0.0,50.669,35.72
1275,2023-11-07 21:15:00,0.0,0.0,50.593,35.613
1276,2023-11-07 21:16:00,0.0,0.0,50.588,35.574
1277,2023-11-07 21:17:00,0.0,0.0,50.632,35.567
1278,2023-11-07 21:18:00,0.0,0.0,50.681,35.538
1279,2023-11-07 21:19:00,0.0,0.0,50.701,35.482
1280,2023-11-07 21:20:00,0.0,0.0,50.855,35.443
1281,2023-11-07 21:21:00,0.0,0.0,51.022,35.477
1282,2023-11-07 21:22:00,0.0,0.0,51.043,35.458
1283,2023-11-07 21:23:00,0.0,0.0,51.116,35.413
1284,2023-11-07 21:24:00,0.0,0.0,51.116,35.413
1285,2023-11-07 21:25:00,0.0,0.0,50.977,35.267
1286,2023-11-07 21:26:00,0.0,0.0,50.879,35.193
1287,2023-11-07 21:27:00,0.0,0.0,50.855,35.215
1288,2023-11-07 21:28:00,0.0,0.0,50.703,35.279
1289,2023-11-07 21:29:00,0.0,0.0,50.562,35.335
1290,2023-11-07 21:30:00,0.0,0.0,50.468,35.362
1291,2023-11-07 21:31:00,0.0,0.0,50.413,35.347
1292,2023-11-07 21:32:00,0.0,0.0,50.355,35.268
1293,2023-11-07 21:33:00,0.0,0.0,50.268,35.225
1294,2023-11-07 21:34:00,0.0,0.0,50.249,35.17
1295,2023-11-07 21:35:00,0.0,0.0,50.204,35.147
1296,2023-11-07 21:36:00,0.0,0.0,50.113,35.004
1297,2023-11-07 21:37:00,0.0,0.0,50.05,34.976
1298,2023-11-07 21:38:00,0.0,0.0,50.067,34.964
1299,2023-11-07 21:39:00,0.0,0.0,49.952,34.974
1300,2023-11-07 21:40:00,0.0,0.0,49.868,35.064
1301,2023-11-07 21:41:00,0.0,0.0,49.868,35.064
1302,2023-11-07 21:42:00,0.0,0.0,49.546,35.059
1303,2023-11-07 21:43:00,0.0,0.0,49.484,35.034
1304,2023-11-07 21:44:00,0.0,0.0,49.484,35.078
1305,2023-11-07 21:45:00,0.0,0.0,49.433,35.07
1306,2023-11-07 21:46:00,0.0,0.0,49.324,34.967
1307,2023-11-07 21:47:00,0.0,0.0,49.293,34.977
1308,2023-11-07 21:48:00,0.0,0.0,49.205,34.954
1309,2023-11-07 21:49:00,0.0,0.0,49.159,34.978
1310,2023-11-07 21:50:00,0.0,0.0,49.147,35.113
1311,2023-11-07 21:51:00,0.0,0.0,49.09,35.179
1312,2023-11-07 21:52:00,0.0,0.0,48.991,35.151
1313,2023-11-07 21:53:00,0.0,0.0,49.248,35.017
1314,2023-11-07 21:54:00,0.0,0.0,49.401,34.934
1315,2023-11-07 21:55:00,0.0,0.0,49.387,34.92
1316,2023-11-07 21:56:00,0.0,0.0,49.338,34.964
1317,2023-11-07 21:57:00,0.0,0.0,49.389,34.965
1318,2023-11-07 21:58:00,0.0,0.0,49.429,34.993
1319,2023-11-07 21:59:00,0.0,0.0,49.52,35.04
1320,2023-11-07 22:00:00,0.0,0.0,49.52,35.04
1321,2023-11-07 22:01:00,0.0,0.0,49.721,34.972
1322,2023-11-07 22:02:00,0.0,0.0,49.812,34.9
1323,2023-11-07 22:03:00,0.0,0.0,49.813,34.793
1324,2023-11-07 22:04:00,0.0,0.0,49.781,34.748
1325,2023-11-07 22:05:00,0.0,0.0,49.683,34.762
1326,2023-11-07 22:06:00,0.0,0.0,49.57,34.804
1327,2023-11-07 22:07:00,0.0,0.0,49.468,34.784
1328,2023-11-07 22:08:00,0.0,0.0,49.561,34.793
1329,2023-11-07 22:09:00,0.0,0.0,49.5,34.877
1330,2023-11-07 22:10:00,0.0,0.0,49.487,34.969
1331,2023-11-07 22:11:00,0.0,0.0,49.528,35.011
1332,2023-11-07 22:12:00,0.0,0.0,49.578,34.998
1333,2023-11-07 22:13:00,0.0,0.0,49.594,35.031
1334,2023-11-07 22:14:00,0.0,0.0,49.594,35.114
1335,2023-11-07 22:15:00,0.0,0.0,49.594,35.114
1336,2023-11-07 22:16:00,0.0,0.0,49.703,35.055
1337,2023-11-07 22:17:00,0.0,0.0,49.703,35.027
1338,2023-11-07 22:18:00,0.0,0.0,49.703,34.987
1339,2023-11-07 22:19:00,0.0,0.0,49.687,34.987
1340,2023-11-07 22:20:00,0.0,0.0,49.679,34.968
1341,2023-11-07 22:21:00,0.0,0.0,49.741,34.921
1342,2023-11-07 22:22:00,0.0,0.0,49.707,34.936
1343,2023-11-07 22:23:00,0.0,0.0,49.681,35.006
1344,2023-11-07 22:24:00,0.0,0.0,49.572,34.991
1345,2023-11-07 22:25:00,0.0,0.0,49.646,35.002
1346,2023-11-07 22:26:00,0.0,0.0,49.772,35.129
1347,2023-11-07 22:27:00,0.0,0.0,49.68,35.181
1348,2023-11-07 22:28:00,0.0,0.0,49.607,35.142
1349,2023-11-07 22:29:00,0.0,0.0,49.59,35.145
1350,2023-11-07 22:30:00,0.0,0.0,49.482,35.067
1351,2023-11-07 22:31:00,0.0,0.0,49.393,35.042
1352,2023-11-07 22:32:00,0.0,0.0,49.279,35.035
1353,2023-11-07 22:33:00,0.0,0.0,49.279,35.035
1354,2023-11-07 22:34:00,0.0,0.0,49.073,35.088
1355,2023-11-07 22:35:00,0.0,0.0,49.021,35.051
1356,2023-11-07 22:36:00,0.0,0.0,48.99,34.915
1357,2023-11-07 22:37:00,0.0,0.0,48.953,34.851
1358,2023-11-07 22:38:00,0.0,0.0,48.913,34.889
1359,2023-11-07 22:39:00,0.0,0.0,49.012,34.965
1360,2023-11-07 22:40:00,0.0,0.0,49.104,34.922
1361,2023-11-07 22:41:00,0.0,0.0,49.132,34.929
1362,2023-11-07 22:42:00,0.0,0.0,49.056,34.979
1363,2023-11-07 22:43:00,0.0,0.0,49.056,34.987
1364,2023-11-07 22:44:00,0.0,0.0,49.136,34.987
1365,2023-11-07 22:45:00,0.0,0.0,49.16,34.987
1366,2023-11-07 22:46:00,0.0,0.0,49.24,34.987
1367,2023-11-07 22:47:00,0.0,0.0,49.305,34.987
1368,2023-11-07 22:48:00,0.0,0.0,49.392,35.01
1369,2023-11-07 22:49:00,0.0,0.0,49.462,35.042
1370,2023-11-07 22:50:00,0.0,0.0,49.514,35.093
1371,2023-11-07 22:51:00,0.0,0.0,49.514,35.093
1372,2023-11-07 22:52:00,0.0,0.0,49.679,35.085
1373,2023-11-07 22:53:00,0.0,0.0,49.69,35.097
1374,2023-11-07 22:54:00,0.0,0.0,49.775,35.067
1375,2023-11-07 22:55:00,0.0,0.0,49.812,35.126
1376,2023-11-07 22:56:00,0.0,0.0,49.826,35.205
1377,2023-11-07 22:57:00,0.0,0.0,49.887,35.182
1378,2023-11-07 22:58:00,0.0,0.0,49.978,35.247
1379,2023-11-07 22:59:00,0.0,0.0,50.02,35.23
1380,2023-11-07 23:00:00,0.0,0.0,49.991,35.23
1381,2023-11-07 23:01:00,0.0,0.0,50.034,35.246
1382,2023-11-07 23:02:00,0.0,0.0,50.119,35.177
1383,2023-11-07 23:03:00,0.0,0.0,50.097,35.158
1384,2023-11-07 23:04:00,0.0,0.0,50.047,35.158
1385,2023-11-07 23:05:00,0.0,0.0,50.031,35.157
1386,2023-11-07 23:06:00,0.0,0.0,49.96,35.135
1387,2023-11-07 23:07:00,0.0,0.0,49.957,35.102
1388,2023-11-07 23:08:00,0.0,0.0,49.947,35.089
1389,2023-11-07 23:09:00,0.0,0.0,49.947,35.089
1390,2023-11-07 23:10:00,0.0,0.0,49.877,34.942
1391,2023-11-07 23:11:00,0.0,0.0,49.736,34.821
1392,2023-11-07 23:12:00,0.0,0.0,49.642,34.743
1393,2023-11-07 23:13:00,0.0,0.0,49.469,34.657
1394,2023-11-07 23:14:00,0.0,0.0,49.294,34.573
1395,2023-11-07 23:15:00,0.0,0.0,49.188,34.462
1396,2023-11-07 23:16:00,0.0,0.0,49.075,34.382
1397,2023-11-07 23:17:00,0.0,0.0,48.915,34.3
1398,2023-11-07 23:18:00,0.0,0.0,48.718,34.384
1399,2023-11-07 23:19:00,0.0,0.0,48.555,34.374
1400,2023-11-07 23:20:00,0.0,0.0,48.417,34.359
1401,2023-11-07 23:21:00,0.0,0.0,48.429,34.259
1402,2023-11-07 23:22:00,0.0,0.0,48.436,34.207
1403,2023-11-07 23:23:00,0.0,0.0,48.36,34.197
1404,2023-11-07 23:24:00,0.0,0.0,48.221,34.152
1405,2023-11-07 23:25:00,0.0,0.0,48.132,34.067
1406,2023-11-07 23:26:00,0.0,0.0,48.11,34.027
1407,2023-11-07 23:27:00,0.0,0.0,48.11,34.027
1408,2023-11-07 23:28:00,0.0,0.0,48.17,34.008
1409,2023-11-07 23:29:00,0.0,0.0,48.111,34.04
1410,2023-11-07 23:30:00,0.0,0.0,48.073,34.107
1411,2023-11-07 23:31:00,0.0,0.0,47.956,34.195
1412,2023-11-07 23:32:00,0.0,0.0,47.829,34.206
1413,2023-11-07 23:33:00,0.0,0.0,47.784,34.203
1414,2023-11-07 23:34:00,0.0,0.0,47.772,34.096
1415,2023-11-07 23:35:00,0.0,0.0,47.739,34.021
1416,2023-11-07 23:36:00,0.0,0.0,47.768,33.948
1417,2023-11-07 23:37:00,0.0,0.0,47.735,33.996
1418,2023-11-07 23:38:00,0.0,0.0,47.734,33.884
1419,2023-11-07 23:39:00,0.0,0.0,47.844,33.751
1420,2023-11-07 23:40:00,0.0,0.0,47.773,33.671
1421,2023-11-07 23:41:00,0.0,0.0,47.658,33.672
1422,2023-11-07 23:42:00,0.0,0.0,47.843,33.664
1423,2023-11-07 23:43:00,0.0,0.0,47.843,33.664
1424,2023-11-07 23:44:00,0.0,0.0,47.836,33.565
1425,2023-11-07 23:45:00,0.0,0.0,47.858,33.547
1426,2023-11-07 23:46:00,0.0,0.0,47.911,33.509
1427,2023-11-07 23:47:00,0.0,0.0,47.927,33.457
1428,2023-11-07 23:48:00,0.0,0.0,47.892,33.477
1429,2023-11-07 23:49:00,0.0,0.0,47.81,33.462
1430,2023-11-07 23:50:00,0.0,0.0,47.601,33.442
1431,2023-11-07 23:51:00,0.0,0.0,47.663,33.525
1432,2023-11-07 23:52:00,0.0,0.0,47.671,33.495
1433,2023-11-07 23:53:00,0.0,0.0,47.677,33.557
1434,2023-11-07 23:54:00,0.0,0.0,47.708,33.725
1435,2023-11-07 23:55:00,0.0,0.0,47.637,34.044
1436,2023-11-07 23:56:00,0.0,0.0,47.616,34.066
1437,2023-11-07 23:57:00,0.0,0.0,47.606,34.279
1438,2023-11-07 23:58:00,0.0,0.0,47.395,34.367
1439,2023-11-07 23:59:00,0.0,0.0,47.395,34.367
